Time;Symbol;Direction;OrderType;Lot;Price;SL;TP;Ticket;MagicNumber;Comment
2025.10.14 05:07:51;EURUSD;SELL;ORDER_TYPE_SELL;0.01;1.15709;1.15944;1.15238;163511477;555123;AI Trade
2025.10.14 05:07:52;GBPUSD;SELL;ORDER_TYPE_SELL;0.01;1.33425;1.33671;1.32932;-1;555123;TradeFailed
2025.10.14 05:07:52;USDJPY;BUY;ORDER_TYPE_BUY;0.01;152.43000;152.08607;153.11786;-1;555123;TradeFailed
2025.10.14 05:07:52;AUDCAD;SELL;ORDER_TYPE_SELL;0.01;0.91386;0.91629;0.90901;-1;555123;TradeFailed
2025.10.14 05:07:56;EURUSD;SELL;ORDER_TYPE_SELL;0.01;1.15708;1.15943;1.15237;163511479;555123;AI Trade
2025.10.14 05:07:56;GBPUSD;SELL;ORDER_TYPE_SELL;0.01;1.33423;1.33669;1.32930;-1;555123;TradeFailed
2025.10.14 05:07:57;USDJPY;BUY;ORDER_TYPE_BUY;0.01;152.43200;152.08807;153.11986;-1;555123;TradeFailed
2025.10.14 05:07:57;AUDCAD;SELL;ORDER_TYPE_SELL;0.01;0.91386;0.91629;0.90901;-1;555123;TradeFailed
2025.10.14 05:08:01;EURUSD;SELL;ORDER_TYPE_SELL;0.01;1.15707;1.15942;1.15236;163511480;555123;AI Trade
2025.10.14 05:08:02;GBPUSD;SELL;ORDER_TYPE_SELL;0.01;1.33425;1.33671;1.32932;-1;555123;TradeFailed
2025.10.14 05:08:02;USDJPY;BUY;ORDER_TYPE_BUY;0.01;152.43300;152.08907;153.12086;-1;555123;TradeFailed
2025.10.14 05:08:02;AUDCAD;SELL;ORDER_TYPE_SELL;0.01;0.91382;0.91625;0.90897;-1;555123;TradeFailed
2025.10.14 05:08:06;EURUSD;SELL;ORDER_TYPE_SELL;0.01;1.15709;1.15944;1.15238;163511481;555123;AI Trade
2025.10.14 05:08:06;GBPUSD;SELL;ORDER_TYPE_SELL;0.01;1.33425;1.33671;1.32932;-1;555123;TradeFailed
2025.10.14 05:08:07;USDJPY;BUY;ORDER_TYPE_BUY;0.01;152.43100;152.08707;153.11886;-1;555123;TradeFailed
2025.10.14 05:08:07;AUDCAD;SELL;ORDER_TYPE_SELL;0.01;0.91383;0.91626;0.90898;-1;555123;TradeFailed
2025.10.14 05:08:11;EURUSD;SELL;ORDER_TYPE_SELL;0.01;1.15709;1.15944;1.15238;163511482;555123;AI Trade
2025.10.14 05:08:11;GBPUSD;SELL;ORDER_TYPE_SELL;0.01;1.33425;1.33671;1.32932;-1;555123;TradeFailed
2025.10.14 05:08:12;USDJPY;BUY;ORDER_TYPE_BUY;0.01;152.43200;152.08807;153.11986;-1;555123;TradeFailed
2025.10.14 05:08:12;AUDCAD;SELL;ORDER_TYPE_SELL;0.01;0.91383;0.91626;0.90898;-1;555123;TradeFailed
2025.10.14 05:08:16;EURUSD;SELL;ORDER_TYPE_SELL;0.01;1.15709;1.15944;1.15238;163511483;555123;AI Trade
2025.10.14 05:08:17;GBPUSD;SELL;ORDER_TYPE_SELL;0.01;1.33425;1.33671;1.32932;-1;555123;TradeFailed
2025.10.14 05:08:17;USDJPY;BUY;ORDER_TYPE_BUY;0.01;152.43200;152.08807;153.11986;-1;555123;TradeFailed
2025.10.14 05:08:17;AUDCAD;SELL;ORDER_TYPE_SELL;0.01;0.91385;0.91628;0.90900;-1;555123;TradeFailed
2025.10.14 05:08:21;EURUSD;SELL;ORDER_TYPE_SELL;0.01;1.15709;1.15944;1.15238;163511484;555123;AI Trade
2025.10.14 05:08:22;GBPUSD;SELL;ORDER_TYPE_SELL;0.01;1.33425;1.33671;1.32932;-1;555123;TradeFailed
2025.10.14 05:08:22;USDJPY;BUY;ORDER_TYPE_BUY;0.01;152.43200;152.08807;153.11986;-1;555123;TradeFailed
2025.10.14 05:08:22;AUDCAD;SELL;ORDER_TYPE_SELL;0.01;0.91385;0.91628;0.90900;-1;555123;TradeFailed
2025.10.14 05:08:26;EURUSD;SELL;ORDER_TYPE_SELL;0.01;1.15709;1.15944;1.15238;163511486;555123;AI Trade
2025.10.14 05:08:27;GBPUSD;SELL;ORDER_TYPE_SELL;0.01;1.33423;1.33669;1.32930;-1;555123;TradeFailed
2025.10.14 05:08:27;USDJPY;BUY;ORDER_TYPE_BUY;0.01;152.43100;152.08707;153.11886;-1;555123;TradeFailed
2025.10.14 05:08:27;AUDCAD;SELL;ORDER_TYPE_SELL;0.01;0.91385;0.91628;0.90900;-1;555123;TradeFailed
2025.10.14 05:08:31;EURUSD;SELL;ORDER_TYPE_SELL;0.01;1.15709;1.15944;1.15238;163511487;555123;AI Trade
2025.10.14 05:08:32;GBPUSD;SELL;ORDER_TYPE_SELL;0.01;1.33423;1.33669;1.32930;-1;555123;TradeFailed
2025.10.14 05:08:32;USDJPY;BUY;ORDER_TYPE_BUY;0.01;152.43100;152.08707;153.11886;-1;555123;TradeFailed
2025.10.14 05:08:32;AUDCAD;SELL;ORDER_TYPE_SELL;0.01;0.91385;0.91628;0.90900;-1;555123;TradeFailed
2025.10.14 05:08:36;EURUSD;SELL;ORDER_TYPE_SELL;0.01;1.15709;1.15944;1.15238;163511488;555123;AI Trade
2025.10.14 05:15:46;EURUSD;SELL;ORDER_TYPE_SELL;0.01;1.15701;1.15937;1.15230;-1;555123;TradeFailed
2025.10.14 05:15:47;GBPUSD;SELL;ORDER_TYPE_SELL;0.01;1.33420;1.33666;1.32927;-1;555123;TradeFailed
2025.10.14 05:15:47;USDJPY;BUY;ORDER_TYPE_BUY;0.01;152.46000;152.11607;153.14786;-1;555123;TradeFailed
2025.10.14 05:15:48;AUDCAD;SELL;ORDER_TYPE_SELL;0.01;0.91392;0.91635;0.90907;-1;555123;TradeFailed
2025.10.14 05:15:52;EURUSD;SELL;ORDER_TYPE_SELL;0.01;1.15701;1.15937;1.15230;-1;555123;TradeFailed
2025.10.14 05:15:52;GBPUSD;SELL;ORDER_TYPE_SELL;0.01;1.33418;1.33664;1.32925;-1;555123;TradeFailed
2025.10.14 05:15:53;USDJPY;BUY;ORDER_TYPE_BUY;0.01;152.46000;152.11607;153.14786;-1;555123;TradeFailed
2025.10.14 05:15:53;AUDCAD;SELL;ORDER_TYPE_SELL;0.01;0.91392;0.91635;0.90907;-1;555123;TradeFailed
2025.10.14 05:15:56;EURUSD;SELL;ORDER_TYPE_SELL;0.01;1.15701;1.15937;1.15230;-1;555123;TradeFailed
2025.10.14 05:15:57;GBPUSD;SELL;ORDER_TYPE_SELL;0.01;1.33421;1.33667;1.32928;-1;555123;TradeFailed
2025.10.14 05:15:58;USDJPY;BUY;ORDER_TYPE_BUY;0.01;152.45900;152.11507;153.14686;-1;555123;TradeFailed
2025.10.14 05:15:58;AUDCAD;SELL;ORDER_TYPE_SELL;0.01;0.91397;0.91640;0.90912;-1;555123;TradeFailed
2025.10.14 05:16:02;EURUSD;SELL;ORDER_TYPE_SELL;0.01;1.15702;1.15938;1.15231;-1;555123;TradeFailed
2025.10.14 05:16:02;GBPUSD;SELL;ORDER_TYPE_SELL;0.01;1.33418;1.33664;1.32925;-1;555123;TradeFailed
2025.10.14 05:16:03;USDJPY;BUY;ORDER_TYPE_BUY;0.01;152.46600;152.12207;153.15386;-1;555123;TradeFailed
2025.10.14 05:16:04;AUDCAD;SELL;ORDER_TYPE_SELL;0.01;0.91394;0.91637;0.90909;-1;555123;TradeFailed
2025.10.14 05:16:06;EURUSD;SELL;ORDER_TYPE_SELL;0.01;1.15702;1.15938;1.15231;-1;555123;TradeFailed
2025.10.14 05:16:07;GBPUSD;SELL;ORDER_TYPE_SELL;0.01;1.33418;1.33664;1.32925;-1;555123;TradeFailed
2025.10.14 05:16:08;USDJPY;BUY;ORDER_TYPE_BUY;0.01;152.46500;152.12107;153.15286;-1;555123;TradeFailed
2025.10.14 05:16:08;AUDCAD;SELL;ORDER_TYPE_SELL;0.01;0.91393;0.91636;0.90908;-1;555123;TradeFailed
2025.10.14 05:16:11;EURUSD;SELL;ORDER_TYPE_SELL;0.01;1.15701;1.15937;1.15230;-1;555123;TradeFailed
2025.10.14 05:16:12;GBPUSD;SELL;ORDER_TYPE_SELL;0.01;1.33416;1.33662;1.32923;-1;555123;TradeFailed
2025.10.14 05:16:13;USDJPY;BUY;ORDER_TYPE_BUY;0.01;152.46700;152.12307;153.15486;-1;555123;TradeFailed
2025.10.14 05:16:13;AUDCAD;SELL;ORDER_TYPE_SELL;0.01;0.91393;0.91636;0.90908;-1;555123;TradeFailed
2025.10.14 05:16:17;EURUSD;SELL;ORDER_TYPE_SELL;0.01;1.15701;1.15937;1.15230;-1;555123;TradeFailed
2025.10.14 05:16:17;GBPUSD;SELL;ORDER_TYPE_SELL;0.01;1.33420;1.33666;1.32927;-1;555123;TradeFailed
2025.10.14 05:16:18;USDJPY;BUY;ORDER_TYPE_BUY;0.01;152.46800;152.12407;153.15586;-1;555123;TradeFailed
2025.10.14 05:16:19;AUDCAD;SELL;ORDER_TYPE_SELL;0.01;0.91396;0.91639;0.90911;-1;555123;TradeFailed
2025.10.14 05:16:22;EURUSD;SELL;ORDER_TYPE_SELL;0.01;1.15701;1.15937;1.15230;-1;555123;TradeFailed
2025.10.14 05:16:22;GBPUSD;SELL;ORDER_TYPE_SELL;0.01;1.33419;1.33665;1.32926;-1;555123;TradeFailed
2025.10.14 05:16:23;USDJPY;BUY;ORDER_TYPE_BUY;0.01;152.46800;152.12407;153.15586;-1;555123;TradeFailed
2025.10.14 05:16:24;AUDCAD;SELL;ORDER_TYPE_SELL;0.01;0.91396;0.91639;0.90911;-1;555123;TradeFailed
2025.10.14 05:16:27;EURUSD;SELL;ORDER_TYPE_SELL;0.01;1.15701;1.15937;1.15230;-1;555123;TradeFailed
2025.10.14 05:16:27;GBPUSD;SELL;ORDER_TYPE_SELL;0.01;1.33419;1.33665;1.32926;-1;555123;TradeFailed
2025.10.14 05:16:28;USDJPY;BUY;ORDER_TYPE_BUY;0.01;152.46800;152.12407;153.15586;-1;555123;TradeFailed
2025.10.14 05:16:29;AUDCAD;SELL;ORDER_TYPE_SELL;0.01;0.91396;0.91639;0.90911;-1;555123;TradeFailed
2025.10.14 05:16:32;EURUSD;SELL;ORDER_TYPE_SELL;0.01;1.15701;1.15937;1.15230;-1;555123;TradeFailed
2025.10.14 05:16:32;GBPUSD;SELL;ORDER_TYPE_SELL;0.01;1.33419;1.33665;1.32926;-1;555123;TradeFailed
2025.10.14 05:16:33;USDJPY;BUY;ORDER_TYPE_BUY;0.01;152.46800;152.12407;153.15586;-1;555123;TradeFailed
2025.10.14 05:16:34;AUDCAD;SELL;ORDER_TYPE_SELL;0.01;0.91396;0.91639;0.90911;-1;555123;TradeFailed
2025.10.14 05:16:37;EURUSD;SELL;ORDER_TYPE_SELL;0.01;1.15703;1.15939;1.15232;-1;555123;TradeFailed
2025.10.14 05:16:37;GBPUSD;SELL;ORDER_TYPE_SELL;0.01;1.33422;1.33668;1.32929;-1;555123;TradeFailed
2025.10.14 05:16:38;USDJPY;BUY;ORDER_TYPE_BUY;0.01;152.46800;152.12407;153.15586;-1;555123;TradeFailed
2025.10.14 05:16:39;AUDCAD;SELL;ORDER_TYPE_SELL;0.01;0.91396;0.91639;0.90911;-1;555123;TradeFailed
2025.10.14 05:16:42;EURUSD;SELL;ORDER_TYPE_SELL;0.01;1.15701;1.15937;1.15230;-1;555123;TradeFailed
2025.10.14 05:16:42;GBPUSD;SELL;ORDER_TYPE_SELL;0.01;1.33421;1.33667;1.32928;-1;555123;TradeFailed
2025.10.14 05:16:43;USDJPY;BUY;ORDER_TYPE_BUY;0.01;152.46800;152.12407;153.15586;-1;555123;TradeFailed
2025.10.14 05:16:44;AUDCAD;SELL;ORDER_TYPE_SELL;0.01;0.91395;0.91638;0.90910;-1;555123;TradeFailed
2025.10.14 05:16:47;EURUSD;SELL;ORDER_TYPE_SELL;0.01;1.15701;1.15937;1.15230;-1;555123;TradeFailed
2025.10.14 05:16:48;GBPUSD;SELL;ORDER_TYPE_SELL;0.01;1.33422;1.33668;1.32929;-1;555123;TradeFailed
2025.10.14 05:16:49;USDJPY;BUY;ORDER_TYPE_BUY;0.01;152.46800;152.12407;153.15586;-1;555123;TradeFailed
2025.10.14 05:16:50;AUDCAD;SELL;ORDER_TYPE_SELL;0.01;0.91395;0.91638;0.90910;-1;555123;TradeFailed
2025.10.14 05:16:52;EURUSD;SELL;ORDER_TYPE_SELL;0.01;1.15701;1.15937;1.15230;-1;555123;TradeFailed
2025.10.14 05:16:53;GBPUSD;SELL;ORDER_TYPE_SELL;0.01;1.33421;1.33667;1.32928;-1;555123;TradeFailed
2025.10.14 05:16:54;USDJPY;BUY;ORDER_TYPE_BUY;0.01;152.47600;152.13207;153.16386;-1;555123;TradeFailed
2025.10.14 05:16:54;AUDCAD;SELL;ORDER_TYPE_SELL;0.01;0.91395;0.91638;0.90910;-1;555123;TradeFailed
2025.10.14 05:16:57;EURUSD;SELL;ORDER_TYPE_SELL;0.01;1.15701;1.15937;1.15230;-1;555123;TradeFailed
2025.10.14 05:16:58;GBPUSD;SELL;ORDER_TYPE_SELL;0.01;1.33421;1.33667;1.32928;-1;555123;TradeFailed
2025.10.14 05:16:59;USDJPY;BUY;ORDER_TYPE_BUY;0.01;152.47900;152.13471;153.16757;-1;555123;TradeFailed
2025.10.14 05:17:00;AUDCAD;SELL;ORDER_TYPE_SELL;0.01;0.91391;0.91634;0.90906;-1;555123;TradeFailed
2025.10.14 05:17:02;EURUSD;SELL;ORDER_TYPE_SELL;0.01;1.15703;1.15939;1.15232;-1;555123;TradeFailed
2025.10.14 05:17:03;GBPUSD;SELL;ORDER_TYPE_SELL;0.01;1.33422;1.33668;1.32929;-1;555123;TradeFailed
2025.10.14 05:17:04;USDJPY;BUY;ORDER_TYPE_BUY;0.01;152.47400;152.12971;153.16257;-1;555123;TradeFailed
2025.10.14 05:17:05;AUDCAD;SELL;ORDER_TYPE_SELL;0.01;0.91391;0.91634;0.90906;-1;555123;TradeFailed
2025.10.14 05:17:07;EURUSD;SELL;ORDER_TYPE_SELL;0.01;1.15703;1.15939;1.15232;-1;555123;TradeFailed
2025.10.14 05:17:08;GBPUSD;SELL;ORDER_TYPE_SELL;0.01;1.33422;1.33668;1.32929;-1;555123;TradeFailed
2025.10.14 05:17:08;USDJPY;BUY;ORDER_TYPE_BUY;0.01;152.47400;152.12971;153.16257;-1;555123;TradeFailed
2025.10.14 05:17:09;AUDCAD;SELL;ORDER_TYPE_SELL;0.01;0.91394;0.91637;0.90909;-1;555123;TradeFailed
2025.10.14 05:17:12;EURUSD;SELL;ORDER_TYPE_SELL;0.01;1.15702;1.15938;1.15231;-1;555123;TradeFailed
2025.10.14 05:17:13;GBPUSD;SELL;ORDER_TYPE_SELL;0.01;1.33422;1.33668;1.32929;-1;555123;TradeFailed
2025.10.14 05:17:13;USDJPY;BUY;ORDER_TYPE_BUY;0.01;152.47200;152.12771;153.16057;-1;555123;TradeFailed
2025.10.14 05:17:14;AUDCAD;SELL;ORDER_TYPE_SELL;0.01;0.91393;0.91636;0.90908;-1;555123;TradeFailed
2025.10.14 05:17:17;EURUSD;SELL;ORDER_TYPE_SELL;0.01;1.15703;1.15939;1.15232;-1;555123;TradeFailed
2025.10.14 05:17:18;GBPUSD;SELL;ORDER_TYPE_SELL;0.01;1.33422;1.33668;1.32929;-1;555123;TradeFailed
2025.10.14 05:17:18;USDJPY;BUY;ORDER_TYPE_BUY;0.01;152.47300;152.12871;153.16157;-1;555123;TradeFailed
2025.10.14 05:17:19;AUDCAD;SELL;ORDER_TYPE_SELL;0.01;0.91395;0.91638;0.90910;-1;555123;TradeFailed
2025.10.14 05:17:22;EURUSD;SELL;ORDER_TYPE_SELL;0.01;1.15703;1.15939;1.15232;-1;555123;TradeFailed
2025.10.14 05:17:23;GBPUSD;SELL;ORDER_TYPE_SELL;0.01;1.33421;1.33667;1.32928;-1;555123;TradeFailed
2025.10.14 05:17:24;USDJPY;BUY;ORDER_TYPE_BUY;0.01;152.48200;152.13718;153.17164;163511564;555123;AI Trade
2025.10.14 05:17:25;AUDCAD;SELL;ORDER_TYPE_SELL;0.01;0.91391;0.91634;0.90906;-1;555123;TradeFailed
2025.10.14 05:17:31;EURUSD;SELL;ORDER_TYPE_SELL;0.01;1.15704;1.15940;1.15233;-1;555123;TradeFailed
2025.10.14 05:17:31;GBPUSD;SELL;ORDER_TYPE_SELL;0.01;1.33422;1.33668;1.32929;-1;555123;TradeFailed
2025.10.14 05:17:32;USDJPY;BUY;ORDER_TYPE_BUY;0.01;152.48000;152.13518;153.16964;163511565;555123;AI Trade
2025.10.14 05:17:33;AUDCAD;SELL;ORDER_TYPE_SELL;0.01;0.91391;0.91634;0.90906;-1;555123;TradeFailed
2025.10.14 05:17:36;EURUSD;SELL;ORDER_TYPE_SELL;0.01;1.15704;1.15940;1.15233;-1;555123;TradeFailed
2025.10.14 05:17:37;GBPUSD;SELL;ORDER_TYPE_SELL;0.01;1.33420;1.33666;1.32927;-1;555123;TradeFailed
2025.10.14 05:17:38;USDJPY;BUY;ORDER_TYPE_BUY;0.01;152.48000;152.13518;153.16964;163511566;555123;AI Trade
2025.10.14 05:17:38;AUDCAD;SELL;ORDER_TYPE_SELL;0.01;0.91388;0.91631;0.90903;-1;555123;TradeFailed
2025.10.14 05:17:41;EURUSD;SELL;ORDER_TYPE_SELL;0.01;1.15706;1.15942;1.15235;-1;555123;TradeFailed
2025.10.14 05:17:42;GBPUSD;SELL;ORDER_TYPE_SELL;0.01;1.33424;1.33670;1.32931;-1;555123;TradeFailed
2025.10.14 05:17:42;USDJPY;BUY;ORDER_TYPE_BUY;0.01;152.47900;152.13418;153.16864;163511569;555123;AI Trade
2025.10.14 05:17:43;AUDCAD;SELL;ORDER_TYPE_SELL;0.01;0.91393;0.91636;0.90908;-1;555123;TradeFailed
2025.10.14 05:17:46;EURUSD;SELL;ORDER_TYPE_SELL;0.01;1.15706;1.15942;1.15235;-1;555123;TradeFailed
2025.10.14 05:17:47;GBPUSD;SELL;ORDER_TYPE_SELL;0.01;1.33424;1.33670;1.32931;-1;555123;TradeFailed
2025.10.14 05:17:47;USDJPY;BUY;ORDER_TYPE_BUY;0.01;152.47900;152.13418;153.16864;163511570;555123;AI Trade
2025.10.14 05:17:48;AUDCAD;SELL;ORDER_TYPE_SELL;0.01;0.91393;0.91636;0.90908;-1;555123;TradeFailed
2025.10.14 05:17:51;EURUSD;SELL;ORDER_TYPE_SELL;0.01;1.15706;1.15942;1.15235;-1;555123;TradeFailed
2025.10.14 05:17:52;GBPUSD;SELL;ORDER_TYPE_SELL;0.01;1.33423;1.33669;1.32930;-1;555123;TradeFailed
2025.10.14 05:17:53;USDJPY;BUY;ORDER_TYPE_BUY;0.01;152.47600;152.13118;153.16564;163511572;555123;AI Trade
2025.10.14 05:17:54;AUDCAD;SELL;ORDER_TYPE_SELL;0.01;0.91393;0.91636;0.90908;-1;555123;TradeFailed
2025.10.14 05:17:56;EURUSD;SELL;ORDER_TYPE_SELL;0.01;1.15706;1.15942;1.15235;-1;555123;TradeFailed
2025.10.14 05:17:57;GBPUSD;SELL;ORDER_TYPE_SELL;0.01;1.33421;1.33667;1.32928;-1;555123;TradeFailed
2025.10.14 05:17:58;USDJPY;BUY;ORDER_TYPE_BUY;0.01;152.47600;152.13118;153.16564;163511573;555123;AI Trade
2025.10.14 05:17:58;AUDCAD;SELL;ORDER_TYPE_SELL;0.01;0.91396;0.91639;0.90911;-1;555123;TradeFailed
2025.10.14 05:18:01;EURUSD;SELL;ORDER_TYPE_SELL;0.01;1.15707;1.15943;1.15236;-1;555123;TradeFailed
2025.10.14 05:18:02;GBPUSD;SELL;ORDER_TYPE_SELL;0.01;1.33425;1.33671;1.32932;-1;555123;TradeFailed
2025.10.14 05:18:03;USDJPY;BUY;ORDER_TYPE_BUY;0.01;152.47600;152.13118;153.16564;163511574;555123;AI Trade
2025.10.14 05:18:04;AUDCAD;SELL;ORDER_TYPE_SELL;0.01;0.91400;0.91643;0.90915;-1;555123;TradeFailed
2025.10.14 05:18:06;EURUSD;SELL;ORDER_TYPE_SELL;0.01;1.15707;1.15943;1.15236;-1;555123;TradeFailed
2025.10.14 05:18:07;GBPUSD;SELL;ORDER_TYPE_SELL;0.01;1.33422;1.33668;1.32929;-1;555123;TradeFailed
2025.10.14 05:18:08;USDJPY;BUY;ORDER_TYPE_BUY;0.01;152.47500;152.13018;153.16464;163511575;555123;AI Trade
2025.10.14 05:18:08;AUDCAD;SELL;ORDER_TYPE_SELL;0.01;0.91398;0.91641;0.90913;-1;555123;TradeFailed
2025.10.14 05:18:11;EURUSD;SELL;ORDER_TYPE_SELL;0.01;1.15707;1.15943;1.15236;-1;555123;TradeFailed
2025.10.14 05:18:12;GBPUSD;SELL;ORDER_TYPE_SELL;0.01;1.33422;1.33668;1.32929;-1;555123;TradeFailed
2025.10.14 05:18:13;USDJPY;BUY;ORDER_TYPE_BUY;0.01;152.47500;152.13018;153.16464;163511577;555123;AI Trade
2025.10.14 05:18:13;AUDCAD;SELL;ORDER_TYPE_SELL;0.01;0.91398;0.91641;0.90913;-1;555123;TradeFailed
2025.10.14 05:18:16;EURUSD;SELL;ORDER_TYPE_SELL;0.01;1.15711;1.15947;1.15240;-1;555123;TradeFailed
2025.10.14 05:18:17;GBPUSD;SELL;ORDER_TYPE_SELL;0.01;1.33425;1.33671;1.32932;-1;555123;TradeFailed
2025.10.14 05:18:18;USDJPY;BUY;ORDER_TYPE_BUY;0.01;152.46400;152.11918;153.15364;163511579;555123;AI Trade
2025.10.14 05:18:19;AUDCAD;SELL;ORDER_TYPE_SELL;0.01;0.91398;0.91641;0.90913;-1;555123;TradeFailed
2025.10.14 05:18:21;EURUSD;SELL;ORDER_TYPE_SELL;0.01;1.15711;1.15947;1.15240;-1;555123;TradeFailed
2025.10.14 05:18:22;GBPUSD;SELL;ORDER_TYPE_SELL;0.01;1.33423;1.33669;1.32930;-1;555123;TradeFailed
2025.10.14 05:18:23;USDJPY;BUY;ORDER_TYPE_BUY;0.01;152.46400;152.11918;153.15364;163511589;555123;AI Trade
2025.10.14 05:18:24;AUDCAD;SELL;ORDER_TYPE_SELL;0.01;0.91398;0.91641;0.90913;-1;555123;TradeFailed
2025.10.14 05:18:26;EURUSD;SELL;ORDER_TYPE_SELL;0.01;1.15710;1.15946;1.15239;-1;555123;TradeFailed
2025.10.14 05:18:27;GBPUSD;SELL;ORDER_TYPE_SELL;0.01;1.33425;1.33671;1.32932;-1;555123;TradeFailed
2025.10.14 05:18:28;USDJPY;BUY;ORDER_TYPE_BUY;0.01;152.46400;152.11918;153.15364;163511590;555123;AI Trade
2025.10.14 05:18:29;AUDCAD;SELL;ORDER_TYPE_SELL;0.01;0.91398;0.91641;0.90913;-1;555123;TradeFailed
2025.10.14 05:18:31;EURUSD;SELL;ORDER_TYPE_SELL;0.01;1.15710;1.15946;1.15239;-1;555123;TradeFailed
2025.10.14 05:18:32;GBPUSD;SELL;ORDER_TYPE_SELL;0.01;1.33424;1.33670;1.32931;-1;555123;TradeFailed
2025.10.14 05:18:33;USDJPY;BUY;ORDER_TYPE_BUY;0.01;152.46500;152.12018;153.15464;163511594;555123;AI Trade
2025.10.14 05:18:34;AUDCAD;SELL;ORDER_TYPE_SELL;0.01;0.91399;0.91642;0.90914;-1;555123;TradeFailed
2025.10.14 05:18:36;EURUSD;SELL;ORDER_TYPE_SELL;0.01;1.15710;1.15946;1.15239;-1;555123;TradeFailed
2025.10.14 05:18:37;GBPUSD;SELL;ORDER_TYPE_SELL;0.01;1.33424;1.33670;1.32931;-1;555123;TradeFailed
2025.10.14 05:18:38;USDJPY;BUY;ORDER_TYPE_BUY;0.01;152.46400;152.11918;153.15364;163511598;555123;AI Trade
2025.10.14 05:18:38;AUDCAD;SELL;ORDER_TYPE_SELL;0.01;0.91399;0.91642;0.90914;-1;555123;TradeFailed
2025.10.14 05:18:41;EURUSD;SELL;ORDER_TYPE_SELL;0.01;1.15711;1.15947;1.15240;-1;555123;TradeFailed
2025.10.14 05:18:42;GBPUSD;SELL;ORDER_TYPE_SELL;0.01;1.33432;1.33678;1.32939;-1;555123;TradeFailed
2025.10.14 05:18:42;USDJPY;BUY;ORDER_TYPE_BUY;0.01;152.45600;152.11118;153.14564;163511600;555123;AI Trade
2025.10.14 05:18:43;AUDCAD;SELL;ORDER_TYPE_SELL;0.01;0.91398;0.91641;0.90913;-1;555123;TradeFailed
2025.10.14 05:18:46;EURUSD;SELL;ORDER_TYPE_SELL;0.01;1.15711;1.15947;1.15240;-1;555123;TradeFailed
2025.10.14 05:18:47;GBPUSD;SELL;ORDER_TYPE_SELL;0.01;1.33430;1.33676;1.32937;-1;555123;TradeFailed
2025.10.14 05:18:48;USDJPY;BUY;ORDER_TYPE_BUY;0.01;152.46100;152.11618;153.15064;163511602;555123;AI Trade
2025.10.14 05:18:48;AUDCAD;SELL;ORDER_TYPE_SELL;0.01;0.91398;0.91641;0.90912;-1;555123;TradeFailed
2025.10.14 05:18:51;EURUSD;SELL;ORDER_TYPE_SELL;0.01;1.15707;1.15943;1.15236;-1;555123;TradeFailed
2025.10.14 05:18:52;GBPUSD;SELL;ORDER_TYPE_SELL;0.01;1.33428;1.33674;1.32935;-1;555123;TradeFailed
2025.10.14 05:18:52;USDJPY;BUY;ORDER_TYPE_BUY;0.01;152.45400;152.10918;153.14364;163511603;555123;AI Trade
2025.10.14 05:20:08;USDJPY;BUY;ORDER_TYPE_BUY;0.01;152.47500;152.13018;153.16464;163511611;555123;AI Trade
2025.10.14 05:20:09;AUDCAD;SELL;ORDER_TYPE_SELL;0.01;0.91408;0.91652;0.90920;-1;555123;TradeFailed
2025.10.14 05:20:11;EURUSD;SELL;ORDER_TYPE_SELL;0.01;1.15704;1.15940;1.15233;-1;555123;TradeFailed
2025.10.14 05:20:12;GBPUSD;SELL;ORDER_TYPE_SELL;0.01;1.33423;1.33669;1.32930;-1;555123;TradeFailed
2025.10.14 05:20:12;USDJPY;BUY;ORDER_TYPE_BUY;0.01;152.47400;152.12918;153.16364;163511612;555123;AI Trade
2025.10.14 05:20:16;EURUSD;SELL;ORDER_TYPE_SELL;0.01;1.15706;1.15942;1.15235;-1;555123;TradeFailed
2025.10.14 05:20:17;GBPUSD;SELL;ORDER_TYPE_SELL;0.01;1.33423;1.33669;1.32930;-1;555123;TradeFailed
2025.10.14 05:20:18;USDJPY;BUY;ORDER_TYPE_BUY;0.01;152.47600;152.13118;153.16564;163511613;555123;AI Trade
2025.10.14 05:20:19;AUDCAD;SELL;ORDER_TYPE_SELL;0.01;0.91410;0.91654;0.90922;-1;555123;TradeFailed
2025.10.14 05:20:21;EURUSD;SELL;ORDER_TYPE_SELL;0.01;1.15706;1.15942;1.15235;-1;555123;TradeFailed
2025.10.14 05:20:21;GBPUSD;SELL;ORDER_TYPE_SELL;0.01;1.33423;1.33669;1.32930;-1;555123;TradeFailed
2025.10.14 05:20:22;USDJPY;BUY;ORDER_TYPE_BUY;0.01;152.47200;152.12718;153.16164;163511615;555123;AI Trade
2025.10.14 05:20:24;AUDCAD;SELL;ORDER_TYPE_SELL;0.01;0.91411;0.91656;0.90922;163511617;555123;AI Trade
2025.10.14 05:20:26;EURUSD;SELL;ORDER_TYPE_SELL;0.01;1.15706;1.15942;1.15235;-1;555123;TradeFailed
2025.10.14 05:20:27;GBPUSD;SELL;ORDER_TYPE_SELL;0.01;1.33426;1.33672;1.32933;-1;555123;TradeFailed
2025.10.14 05:20:28;USDJPY;BUY;ORDER_TYPE_BUY;0.01;152.47500;152.13018;153.16464;163511618;555123;AI Trade
2025.10.14 05:20:29;AUDCAD;SELL;ORDER_TYPE_SELL;0.01;0.91411;0.91656;0.90922;163511619;555123;AI Trade
2025.10.14 05:20:31;EURUSD;SELL;ORDER_TYPE_SELL;0.01;1.15706;1.15942;1.15235;-1;555123;TradeFailed
2025.10.14 05:20:32;GBPUSD;SELL;ORDER_TYPE_SELL;0.01;1.33427;1.33673;1.32934;-1;555123;TradeFailed
2025.10.14 05:20:33;USDJPY;BUY;ORDER_TYPE_BUY;0.01;152.47700;152.13218;153.16664;163511621;555123;AI Trade
2025.10.14 05:20:34;AUDCAD;SELL;ORDER_TYPE_SELL;0.01;0.91411;0.91656;0.90922;163511622;555123;AI Trade
2025.10.14 05:20:36;EURUSD;SELL;ORDER_TYPE_SELL;0.01;1.15706;1.15942;1.15235;-1;555123;TradeFailed
2025.10.14 05:20:37;GBPUSD;SELL;ORDER_TYPE_SELL;0.01;1.33426;1.33672;1.32933;-1;555123;TradeFailed
2025.10.14 05:20:38;USDJPY;BUY;ORDER_TYPE_BUY;0.01;152.47700;152.13218;153.16664;163511624;555123;AI Trade
2025.10.14 05:20:39;AUDCAD;SELL;ORDER_TYPE_SELL;0.01;0.91411;0.91656;0.90922;163511625;555123;AI Trade
2025.10.14 05:25:00;AUDCAD;SELL;ORDER_TYPE_SELL;0.01;0.91405;0.91650;0.90915;163511658;555123;AI Trade
2025.10.14 05:25:03;GBPUSD;SELL;ORDER_TYPE_SELL;0.01;1.33397;1.33647;1.32897;163511660;555123;AI Trade
2025.10.14 05:25:07;AUDCAD;SELL;ORDER_TYPE_SELL;0.01;0.91405;0.91650;0.90915;163511661;555123;AI Trade
2025.10.14 05:27:03;GBPUSD;SELL;ORDER_TYPE_SELL;0.01;1.33404;1.33654;1.32904;163511675;555123;AI Trade
2025.10.14 05:27:05;USDJPY;BUY;ORDER_TYPE_BUY;0.01;152.45600;152.11011;153.14779;-1;555123;TradeFailed
2025.10.14 05:27:06;AUDCAD;SELL;ORDER_TYPE_SELL;0.01;0.91397;0.91642;0.90907;163511676;555123;AI Trade
2025.10.14 05:27:08;EURUSD;SELL;ORDER_TYPE_SELL;0.01;1.15721;1.15957;1.15249;-1;555123;TradeFailed
2025.10.14 05:27:11;GBPUSD;SELL;ORDER_TYPE_SELL;0.01;1.33411;1.33661;1.32911;163511677;555123;AI Trade
2025.10.14 05:29:51;GBPUSD;SELL;ORDER_TYPE_SELL;0.01;1.33396;1.33646;1.32896;163511697;555123;AI Trade
2025.10.14 05:29:52;USDJPY;BUY;ORDER_TYPE_BUY;0.01;152.45600;152.11011;153.14779;-1;555123;TradeFailed
2025.10.14 05:29:55;AUDCAD;SELL;ORDER_TYPE_SELL;0.01;0.91364;0.91609;0.90874;163511698;555123;AI Trade
2025.10.14 05:29:57;EURUSD;SELL;ORDER_TYPE_SELL;0.01;1.15711;1.15947;1.15239;-1;555123;TradeFailed
2025.10.14 05:29:58;GBPUSD;SELL;ORDER_TYPE_SELL;0.01;1.33396;1.33646;1.32896;163511703;555123;AI Trade
2025.10.14 05:30:00;USDJPY;BUY;ORDER_TYPE_BUY;0.01;152.45500;152.10911;153.14679;-1;555123;TradeFailed
2025.10.14 05:30:01;AUDCAD;SELL;ORDER_TYPE_SELL;0.01;0.91354;0.91600;0.90862;-1;555123;TradeFailed
2025.10.14 05:30:03;EURUSD;SELL;ORDER_TYPE_SELL;0.01;1.15711;1.15947;1.15239;-1;555123;TradeFailed
2025.10.14 05:30:05;GBPUSD;SELL;ORDER_TYPE_SELL;0.01;1.33396;1.33646;1.32896;163511710;555123;AI Trade
2025.10.14 05:37:48;EURUSD;SELL;ORDER_TYPE_SELL;0.01;1.15716;1.15952;1.15244;-1;555123;TradeFailed
2025.10.14 05:37:53;GBPUSD;SELL;ORDER_TYPE_SELL;0.01;1.33419;1.33670;1.32918;-1;555123;TradeFailed
2025.10.14 05:37:56;USDJPY;BUY;ORDER_TYPE_BUY;0.01;152.45800;152.11211;153.14979;-1;555123;TradeFailed
2025.10.14 05:38:00;AUDCAD;SELL;ORDER_TYPE_SELL;0.01;0.91399;0.91646;0.90905;-1;555123;TradeFailed
2025.10.14 05:38:04;EURUSD;SELL;ORDER_TYPE_SELL;0.01;1.15712;1.15948;1.15240;-1;555123;TradeFailed
2025.10.14 05:38:06;GBPUSD;SELL;ORDER_TYPE_SELL;0.01;1.33419;1.33670;1.32918;-1;555123;TradeFailed
2025.10.14 05:38:09;USDJPY;BUY;ORDER_TYPE_BUY;0.01;152.46900;152.12311;153.16079;-1;555123;TradeFailed
2025.10.14 05:38:12;AUDCAD;SELL;ORDER_TYPE_SELL;0.01;0.91402;0.91649;0.90908;-1;555123;TradeFailed
2025.10.14 05:38:15;EURUSD;SELL;ORDER_TYPE_SELL;0.01;1.15710;1.15946;1.15238;-1;555123;TradeFailed
2025.10.14 05:38:18;GBPUSD;SELL;ORDER_TYPE_SELL;0.01;1.33416;1.33667;1.32915;-1;555123;TradeFailed
2025.10.14 05:38:20;USDJPY;BUY;ORDER_TYPE_BUY;0.01;152.47100;152.12511;153.16279;-1;555123;TradeFailed
2025.10.14 05:38:22;AUDCAD;SELL;ORDER_TYPE_SELL;0.01;0.91406;0.91653;0.90912;-1;555123;TradeFailed
2025.10.14 05:38:25;EURUSD;SELL;ORDER_TYPE_SELL;0.01;1.15710;1.15946;1.15238;-1;555123;TradeFailed
2025.10.14 05:38:28;GBPUSD;SELL;ORDER_TYPE_SELL;0.01;1.33416;1.33667;1.32915;-1;555123;TradeFailed
2025.10.14 05:38:30;USDJPY;BUY;ORDER_TYPE_BUY;0.01;152.48700;152.14004;153.18093;-1;555123;TradeFailed
2025.10.14 05:38:33;AUDCAD;SELL;ORDER_TYPE_SELL;0.01;0.91414;0.91661;0.90920;-1;555123;TradeFailed
2025.10.14 05:38:35;EURUSD;SELL;ORDER_TYPE_SELL;0.01;1.15710;1.15946;1.15238;-1;555123;TradeFailed
2025.10.14 05:38:37;GBPUSD;SELL;ORDER_TYPE_SELL;0.01;1.33419;1.33670;1.32918;-1;555123;TradeFailed
2025.10.14 05:38:40;USDJPY;BUY;ORDER_TYPE_BUY;0.01;152.49100;152.14404;153.18493;-1;555123;TradeFailed
2025.10.14 05:38:42;AUDCAD;SELL;ORDER_TYPE_SELL;0.01;0.91412;0.91659;0.90918;-1;555123;TradeFailed
2025.10.14 05:38:44;EURUSD;SELL;ORDER_TYPE_SELL;0.01;1.15710;1.15946;1.15238;-1;555123;TradeFailed
2025.10.14 05:38:47;GBPUSD;SELL;ORDER_TYPE_SELL;0.01;1.33420;1.33671;1.32919;-1;555123;TradeFailed
2025.10.14 05:38:49;USDJPY;BUY;ORDER_TYPE_BUY;0.01;152.47600;152.12904;153.16993;-1;555123;TradeFailed
2025.10.14 05:38:51;AUDCAD;SELL;ORDER_TYPE_SELL;0.01;0.91412;0.91659;0.90918;-1;555123;TradeFailed
2025.10.14 05:38:54;EURUSD;SELL;ORDER_TYPE_SELL;0.01;1.15711;1.15947;1.15239;-1;555123;TradeFailed
2025.10.14 05:38:56;GBPUSD;SELL;ORDER_TYPE_SELL;0.01;1.33420;1.33671;1.32919;-1;555123;TradeFailed
2025.10.14 05:38:59;USDJPY;BUY;ORDER_TYPE_BUY;0.01;152.47300;152.12604;153.16693;-1;555123;TradeFailed
2025.10.14 05:39:02;AUDCAD;SELL;ORDER_TYPE_SELL;0.01;0.91412;0.91659;0.90918;-1;555123;TradeFailed
2025.10.14 05:39:05;EURUSD;SELL;ORDER_TYPE_SELL;0.01;1.15711;1.15947;1.15239;-1;555123;TradeFailed
2025.10.14 05:39:10;GBPUSD;SELL;ORDER_TYPE_SELL;0.01;1.33420;1.33671;1.32919;-1;555123;TradeFailed
2025.10.14 05:39:12;USDJPY;BUY;ORDER_TYPE_BUY;0.01;152.48300;152.13604;153.17693;-1;555123;TradeFailed
2025.10.14 05:39:14;AUDCAD;SELL;ORDER_TYPE_SELL;0.01;0.91413;0.91660;0.90919;-1;555123;TradeFailed
2025.10.14 05:39:17;EURUSD;SELL;ORDER_TYPE_SELL;0.01;1.15711;1.15947;1.15239;-1;555123;TradeFailed
2025.10.14 05:39:20;GBPUSD;SELL;ORDER_TYPE_SELL;0.01;1.33420;1.33671;1.32919;-1;555123;TradeFailed
2025.10.14 05:39:22;USDJPY;BUY;ORDER_TYPE_BUY;0.01;152.48700;152.14004;153.18093;-1;555123;TradeFailed
2025.10.14 05:39:24;AUDCAD;SELL;ORDER_TYPE_SELL;0.01;0.91413;0.91660;0.90919;-1;555123;TradeFailed
2025.10.14 05:39:26;EURUSD;SELL;ORDER_TYPE_SELL;0.01;1.15710;1.15946;1.15238;-1;555123;TradeFailed
2025.10.14 05:39:29;GBPUSD;SELL;ORDER_TYPE_SELL;0.01;1.33420;1.33671;1.32919;-1;555123;TradeFailed
2025.10.14 05:39:31;USDJPY;BUY;ORDER_TYPE_BUY;0.01;152.49100;152.14368;153.18564;-1;555123;TradeFailed
2025.10.14 05:39:33;AUDCAD;SELL;ORDER_TYPE_SELL;0.01;0.91413;0.91660;0.90919;-1;555123;TradeFailed
2025.10.14 05:39:35;EURUSD;SELL;ORDER_TYPE_SELL;0.01;1.15711;1.15947;1.15239;-1;555123;TradeFailed
2025.10.14 05:39:37;GBPUSD;SELL;ORDER_TYPE_SELL;0.01;1.33421;1.33672;1.32920;-1;555123;TradeFailed
2025.10.14 05:39:40;USDJPY;BUY;ORDER_TYPE_BUY;0.01;152.49000;152.14268;153.18464;-1;555123;TradeFailed
2025.10.14 05:39:42;AUDCAD;SELL;ORDER_TYPE_SELL;0.01;0.91413;0.91660;0.90919;-1;555123;TradeFailed
2025.10.14 05:39:44;EURUSD;SELL;ORDER_TYPE_SELL;0.01;1.15711;1.15947;1.15239;-1;555123;TradeFailed
2025.10.14 05:39:46;GBPUSD;SELL;ORDER_TYPE_SELL;0.01;1.33429;1.33680;1.32928;-1;555123;TradeFailed
2025.10.14 05:39:48;USDJPY;BUY;ORDER_TYPE_BUY;0.01;152.48500;152.13768;153.17964;-1;555123;TradeFailed
2025.10.14 05:39:50;AUDCAD;SELL;ORDER_TYPE_SELL;0.01;0.91416;0.91663;0.90922;-1;555123;TradeFailed
2025.10.14 05:39:53;EURUSD;SELL;ORDER_TYPE_SELL;0.01;1.15718;1.15954;1.15246;-1;555123;TradeFailed
2025.10.14 05:39:55;GBPUSD;SELL;ORDER_TYPE_SELL;0.01;1.33431;1.33682;1.32930;-1;555123;TradeFailed
2025.10.14 05:39:58;USDJPY;BUY;ORDER_TYPE_BUY;0.01;152.46600;152.11868;153.16064;-1;555123;TradeFailed
2025.10.14 05:40:01;AUDCAD;SELL;ORDER_TYPE_SELL;0.01;0.91413;0.91660;0.90919;-1;555123;TradeFailed
2025.10.14 05:40:04;EURUSD;SELL;ORDER_TYPE_SELL;0.01;1.15717;1.15953;1.15245;-1;555123;TradeFailed
2025.10.14 05:40:05;GBPUSD;SELL;ORDER_TYPE_SELL;0.01;1.33423;1.33674;1.32922;-1;555123;TradeFailed
2025.10.14 05:40:08;USDJPY;BUY;ORDER_TYPE_BUY;0.01;152.46400;152.11668;153.15864;-1;555123;TradeFailed
2025.10.14 05:40:10;AUDCAD;SELL;ORDER_TYPE_SELL;0.01;0.91413;0.91660;0.90919;-1;555123;TradeFailed
2025.10.14 05:40:13;EURUSD;SELL;ORDER_TYPE_SELL;0.01;1.15717;1.15953;1.15245;-1;555123;TradeFailed
2025.10.14 05:40:15;GBPUSD;SELL;ORDER_TYPE_SELL;0.01;1.33430;1.33681;1.32929;-1;555123;TradeFailed
2025.10.14 05:40:19;USDJPY;BUY;ORDER_TYPE_BUY;0.01;152.45800;152.11068;153.15264;-1;555123;TradeFailed
2025.10.14 05:40:21;AUDCAD;SELL;ORDER_TYPE_SELL;0.01;0.91416;0.91663;0.90922;-1;555123;TradeFailed
2025.10.14 05:40:25;EURUSD;SELL;ORDER_TYPE_SELL;0.01;1.15720;1.15956;1.15248;-1;555123;TradeFailed
2025.10.14 05:40:27;GBPUSD;SELL;ORDER_TYPE_SELL;0.01;1.33426;1.33677;1.32925;-1;555123;TradeFailed
2025.10.14 05:40:30;USDJPY;BUY;ORDER_TYPE_BUY;0.01;152.46500;152.11768;153.15964;-1;555123;TradeFailed
2025.10.14 05:40:33;AUDCAD;SELL;ORDER_TYPE_SELL;0.01;0.91416;0.91663;0.90922;-1;555123;TradeFailed
2025.10.14 05:40:36;EURUSD;SELL;ORDER_TYPE_SELL;0.01;1.15715;1.15951;1.15243;-1;555123;TradeFailed
2025.10.14 05:40:39;GBPUSD;SELL;ORDER_TYPE_SELL;0.01;1.33430;1.33681;1.32929;-1;555123;TradeFailed
2025.10.14 05:40:41;USDJPY;BUY;ORDER_TYPE_BUY;0.01;152.46800;152.12068;153.16264;-1;555123;TradeFailed
2025.10.14 05:40:43;AUDCAD;SELL;ORDER_TYPE_SELL;0.01;0.91414;0.91661;0.90920;-1;555123;TradeFailed
2025.10.14 05:40:46;EURUSD;SELL;ORDER_TYPE_SELL;0.01;1.15717;1.15953;1.15245;-1;555123;TradeFailed
2025.10.14 05:40:48;GBPUSD;SELL;ORDER_TYPE_SELL;0.01;1.33430;1.33681;1.32929;-1;555123;TradeFailed
2025.10.14 05:40:50;USDJPY;BUY;ORDER_TYPE_BUY;0.01;152.46800;152.12068;153.16264;-1;555123;TradeFailed
2025.10.14 05:40:52;AUDCAD;SELL;ORDER_TYPE_SELL;0.01;0.91414;0.91661;0.90920;-1;555123;TradeFailed
2025.10.14 05:40:55;EURUSD;SELL;ORDER_TYPE_SELL;0.01;1.15715;1.15951;1.15243;-1;555123;TradeFailed
2025.10.14 05:40:58;GBPUSD;SELL;ORDER_TYPE_SELL;0.01;1.33430;1.33681;1.32929;-1;555123;TradeFailed
2025.10.14 05:41:01;USDJPY;BUY;ORDER_TYPE_BUY;0.01;152.45800;152.11068;153.15264;-1;555123;TradeFailed
2025.10.14 05:41:03;AUDCAD;SELL;ORDER_TYPE_SELL;0.01;0.91414;0.91661;0.90920;-1;555123;TradeFailed
2025.10.14 05:41:06;EURUSD;SELL;ORDER_TYPE_SELL;0.01;1.15715;1.15951;1.15243;-1;555123;TradeFailed
2025.10.14 05:41:09;GBPUSD;SELL;ORDER_TYPE_SELL;0.01;1.33429;1.33680;1.32928;-1;555123;TradeFailed
2025.10.14 05:41:11;USDJPY;BUY;ORDER_TYPE_BUY;0.01;152.45800;152.11068;153.15264;-1;555123;TradeFailed
2025.10.14 05:41:13;AUDCAD;SELL;ORDER_TYPE_SELL;0.01;0.91414;0.91661;0.90920;-1;555123;TradeFailed
2025.10.14 05:41:16;EURUSD;SELL;ORDER_TYPE_SELL;0.01;1.15716;1.15952;1.15244;-1;555123;TradeFailed
2025.10.14 05:41:19;GBPUSD;SELL;ORDER_TYPE_SELL;0.01;1.33429;1.33680;1.32928;-1;555123;TradeFailed
2025.10.14 05:41:21;USDJPY;BUY;ORDER_TYPE_BUY;0.01;152.45700;152.10968;153.15164;-1;555123;TradeFailed
2025.10.14 05:41:25;AUDCAD;SELL;ORDER_TYPE_SELL;0.01;0.91412;0.91659;0.90917;-1;555123;TradeFailed
2025.10.14 05:41:28;EURUSD;SELL;ORDER_TYPE_SELL;0.01;1.15715;1.15951;1.15243;-1;555123;TradeFailed
2025.10.14 05:41:32;GBPUSD;SELL;ORDER_TYPE_SELL;0.01;1.33419;1.33670;1.32918;-1;555123;TradeFailed
2025.10.14 05:41:36;USDJPY;BUY;ORDER_TYPE_BUY;0.01;152.46000;152.11268;153.15464;-1;555123;TradeFailed
2025.10.14 05:41:39;AUDCAD;SELL;ORDER_TYPE_SELL;0.01;0.91426;0.91673;0.90931;-1;555123;TradeFailed
2025.10.14 05:41:42;EURUSD;SELL;ORDER_TYPE_SELL;0.01;1.15719;1.15955;1.15247;-1;555123;TradeFailed
2025.10.14 05:41:46;GBPUSD;SELL;ORDER_TYPE_SELL;0.01;1.33425;1.33676;1.32924;-1;555123;TradeFailed
2025.10.14 05:41:48;USDJPY;BUY;ORDER_TYPE_BUY;0.01;152.46600;152.11868;153.16064;-1;555123;TradeFailed
2025.10.14 05:41:51;AUDCAD;SELL;ORDER_TYPE_SELL;0.01;0.91442;0.91689;0.90947;-1;555123;TradeFailed
2025.10.14 05:41:55;EURUSD;SELL;ORDER_TYPE_SELL;0.01;1.15724;1.15960;1.15252;-1;555123;TradeFailed
2025.10.14 05:41:58;GBPUSD;SELL;ORDER_TYPE_SELL;0.01;1.33429;1.33680;1.32928;-1;555123;TradeFailed
2025.10.14 05:42:00;USDJPY;BUY;ORDER_TYPE_BUY;0.01;152.46700;152.11968;153.16164;-1;555123;TradeFailed
2025.10.14 05:42:03;AUDCAD;SELL;ORDER_TYPE_SELL;0.01;0.91435;0.91687;0.90931;-1;555123;TradeFailed
2025.10.14 05:42:08;EURUSD;SELL;ORDER_TYPE_SELL;0.01;1.15724;1.15960;1.15252;-1;555123;TradeFailed
2025.10.14 05:42:11;GBPUSD;SELL;ORDER_TYPE_SELL;0.01;1.33429;1.33680;1.32928;-1;555123;TradeFailed
2025.10.14 05:42:15;USDJPY;BUY;ORDER_TYPE_BUY;0.01;152.45500;152.10768;153.14964;-1;555123;TradeFailed
2025.10.14 05:42:18;AUDCAD;SELL;ORDER_TYPE_SELL;0.01;0.91435;0.91687;0.90931;-1;555123;TradeFailed
2025.10.14 05:42:22;EURUSD;SELL;ORDER_TYPE_SELL;0.01;1.15724;1.15960;1.15252;-1;555123;TradeFailed
2025.10.14 05:42:26;GBPUSD;SELL;ORDER_TYPE_SELL;0.01;1.33429;1.33680;1.32928;-1;555123;TradeFailed
2025.10.14 05:42:29;USDJPY;BUY;ORDER_TYPE_BUY;0.01;152.45500;152.10768;153.14964;-1;555123;TradeFailed
2025.10.14 05:42:32;AUDCAD;SELL;ORDER_TYPE_SELL;0.01;0.91433;0.91685;0.90929;-1;555123;TradeFailed
2025.10.14 05:42:37;EURUSD;SELL;ORDER_TYPE_SELL;0.01;1.15720;1.15956;1.15248;-1;555123;TradeFailed
2025.10.14 05:42:41;GBPUSD;SELL;ORDER_TYPE_SELL;0.01;1.33420;1.33671;1.32919;-1;555123;TradeFailed
2025.10.14 05:42:45;USDJPY;BUY;ORDER_TYPE_BUY;0.01;152.45800;152.11068;153.15264;-1;555123;TradeFailed
2025.10.14 05:42:49;AUDCAD;SELL;ORDER_TYPE_SELL;0.01;0.91432;0.91684;0.90928;-1;555123;TradeFailed
2025.10.14 05:43:13;GBPUSD;SELL;ORDER_TYPE_SELL;0.01;1.33421;1.33672;1.32920;-1;555123;TradeFailed
2025.10.14 05:43:19;USDJPY;BUY;ORDER_TYPE_BUY;0.01;152.45700;152.10968;153.15164;-1;555123;TradeFailed
2025.10.14 05:43:22;AUDCAD;SELL;ORDER_TYPE_SELL;0.01;0.91435;0.91687;0.90931;-1;555123;TradeFailed
2025.10.14 05:43:28;EURUSD;SELL;ORDER_TYPE_SELL;0.01;1.15720;1.15956;1.15248;-1;555123;TradeFailed
2025.10.14 05:43:33;GBPUSD;SELL;ORDER_TYPE_SELL;0.01;1.33415;1.33666;1.32914;-1;555123;TradeFailed
2025.10.14 05:43:39;USDJPY;BUY;ORDER_TYPE_BUY;0.01;152.46600;152.11868;153.16064;-1;555123;TradeFailed
2025.10.14 05:43:43;AUDCAD;SELL;ORDER_TYPE_SELL;0.01;0.91432;0.91684;0.90928;-1;555123;TradeFailed
2025.10.14 05:43:48;EURUSD;SELL;ORDER_TYPE_SELL;0.01;1.15714;1.15950;1.15242;-1;555123;TradeFailed
2025.10.14 05:43:52;GBPUSD;SELL;ORDER_TYPE_SELL;0.01;1.33411;1.33662;1.32910;-1;555123;TradeFailed
2025.10.14 05:43:56;USDJPY;BUY;ORDER_TYPE_BUY;0.01;152.46500;152.11768;153.15964;-1;555123;TradeFailed
2025.10.14 05:44:00;AUDCAD;SELL;ORDER_TYPE_SELL;0.01;0.91432;0.91684;0.90928;-1;555123;TradeFailed
2025.10.14 05:44:04;EURUSD;SELL;ORDER_TYPE_SELL;0.01;1.15712;1.15948;1.15240;-1;555123;TradeFailed
2025.10.14 05:44:11;GBPUSD;SELL;ORDER_TYPE_SELL;0.01;1.33409;1.33660;1.32908;-1;555123;TradeFailed
2025.10.14 05:44:15;USDJPY;BUY;ORDER_TYPE_BUY;0.01;152.46700;152.11968;153.16164;-1;555123;TradeFailed
2025.10.14 05:44:19;AUDCAD;SELL;ORDER_TYPE_SELL;0.01;0.91430;0.91682;0.90926;-1;555123;TradeFailed
2025.10.14 05:44:26;EURUSD;SELL;ORDER_TYPE_SELL;0.01;1.15712;1.15948;1.15240;-1;555123;TradeFailed
2025.10.14 05:44:30;GBPUSD;SELL;ORDER_TYPE_SELL;0.01;1.33409;1.33660;1.32908;-1;555123;TradeFailed
2025.10.14 05:44:33;USDJPY;BUY;ORDER_TYPE_BUY;0.01;152.46500;152.11768;153.15964;-1;555123;TradeFailed
2025.10.14 05:44:37;AUDCAD;SELL;ORDER_TYPE_SELL;0.01;0.91430;0.91682;0.90926;-1;555123;TradeFailed
2025.10.14 05:44:42;EURUSD;SELL;ORDER_TYPE_SELL;0.01;1.15713;1.15949;1.15241;-1;555123;TradeFailed
2025.10.14 05:44:45;GBPUSD;SELL;ORDER_TYPE_SELL;0.01;1.33409;1.33660;1.32908;-1;555123;TradeFailed
2025.10.14 05:44:49;USDJPY;BUY;ORDER_TYPE_BUY;0.01;152.46700;152.11968;153.16164;-1;555123;TradeFailed
2025.10.14 05:44:55;AUDCAD;SELL;ORDER_TYPE_SELL;0.01;0.91429;0.91681;0.90925;-1;555123;TradeFailed
2025.10.14 05:44:58;EURUSD;SELL;ORDER_TYPE_SELL;0.01;1.15712;1.15948;1.15240;-1;555123;TradeFailed
2025.10.14 05:45:08;GBPUSD;SELL;ORDER_TYPE_SELL;0.01;1.33409;1.33660;1.32908;-1;555123;TradeFailed
2025.10.14 05:45:12;USDJPY;BUY;ORDER_TYPE_BUY;0.01;152.46700;152.11968;153.16164;-1;555123;TradeFailed
2025.10.14 05:45:18;AUDCAD;SELL;ORDER_TYPE_SELL;0.01;0.91434;0.91686;0.90930;-1;555123;TradeFailed
2025.10.14 05:45:24;EURUSD;SELL;ORDER_TYPE_SELL;0.01;1.15711;1.15947;1.15239;-1;555123;TradeFailed
2025.10.14 05:45:30;GBPUSD;SELL;ORDER_TYPE_SELL;0.01;1.33409;1.33660;1.32908;-1;555123;TradeFailed
2025.10.14 05:45:45;AUDCAD;SELL;ORDER_TYPE_SELL;0.01;0.91431;0.91683;0.90927;-1;555123;TradeFailed
2025.10.14 05:45:51;EURUSD;SELL;ORDER_TYPE_SELL;0.01;1.15706;1.15942;1.15234;-1;555123;TradeFailed
2025.10.14 05:45:57;GBPUSD;SELL;ORDER_TYPE_SELL;0.01;1.33401;1.33652;1.32900;-1;555123;TradeFailed
2025.10.14 05:46:01;USDJPY;BUY;ORDER_TYPE_BUY;0.01;152.47500;152.12768;153.16964;-1;555123;TradeFailed
2025.10.14 05:46:09;AUDCAD;SELL;ORDER_TYPE_SELL;0.01;0.91426;0.91678;0.90922;-1;555123;TradeFailed
2025.10.14 05:46:14;EURUSD;SELL;ORDER_TYPE_SELL;0.01;1.15704;1.15940;1.15232;-1;555123;TradeFailed
2025.10.14 05:46:19;GBPUSD;SELL;ORDER_TYPE_SELL;0.01;1.33398;1.33649;1.32897;-1;555123;TradeFailed
2025.10.14 05:46:22;USDJPY;BUY;ORDER_TYPE_BUY;0.01;152.48100;152.13368;153.17564;-1;555123;TradeFailed
2025.10.14 05:46:26;AUDCAD;SELL;ORDER_TYPE_SELL;0.01;0.91422;0.91674;0.90918;-1;555123;TradeFailed
2025.10.14 05:46:30;EURUSD;SELL;ORDER_TYPE_SELL;0.01;1.15704;1.15940;1.15232;-1;555123;TradeFailed
2025.10.14 05:46:34;GBPUSD;SELL;ORDER_TYPE_SELL;0.01;1.33394;1.33645;1.32893;-1;555123;TradeFailed
2025.10.14 05:46:37;USDJPY;BUY;ORDER_TYPE_BUY;0.01;152.47700;152.12968;153.17164;-1;555123;TradeFailed
2025.10.14 05:46:40;AUDCAD;SELL;ORDER_TYPE_SELL;0.01;0.91424;0.91676;0.90920;-1;555123;TradeFailed
2025.10.14 05:46:43;EURUSD;SELL;ORDER_TYPE_SELL;0.01;1.15704;1.15940;1.15232;-1;555123;TradeFailed
2025.10.14 05:46:47;GBPUSD;SELL;ORDER_TYPE_SELL;0.01;1.33394;1.33645;1.32893;-1;555123;TradeFailed
2025.10.14 05:46:50;USDJPY;BUY;ORDER_TYPE_BUY;0.01;152.47700;152.12968;153.17164;-1;555123;TradeFailed
2025.10.14 05:46:55;AUDCAD;SELL;ORDER_TYPE_SELL;0.01;0.91424;0.91676;0.90920;-1;555123;TradeFailed
2025.10.14 05:47:00;EURUSD;SELL;ORDER_TYPE_SELL;0.01;1.15706;1.15942;1.15234;-1;555123;TradeFailed
2025.10.14 05:47:03;GBPUSD;SELL;ORDER_TYPE_SELL;0.01;1.33402;1.33653;1.32901;-1;555123;TradeFailed
2025.10.14 05:47:08;USDJPY;BUY;ORDER_TYPE_BUY;0.01;152.46500;152.11768;153.15964;-1;555123;TradeFailed
2025.10.14 05:47:12;AUDCAD;SELL;ORDER_TYPE_SELL;0.01;0.91422;0.91674;0.90918;-1;555123;TradeFailed
2025.10.14 05:47:16;EURUSD;SELL;ORDER_TYPE_SELL;0.01;1.15705;1.15941;1.15233;-1;555123;TradeFailed
2025.10.14 05:47:20;GBPUSD;SELL;ORDER_TYPE_SELL;0.01;1.33399;1.33650;1.32898;-1;555123;TradeFailed
2025.10.14 05:47:26;USDJPY;BUY;ORDER_TYPE_BUY;0.01;152.46600;152.11868;153.16064;-1;555123;TradeFailed
2025.10.14 05:47:30;AUDCAD;SELL;ORDER_TYPE_SELL;0.01;0.91419;0.91671;0.90915;-1;555123;TradeFailed
2025.10.14 05:47:34;EURUSD;SELL;ORDER_TYPE_SELL;0.01;1.15705;1.15941;1.15233;-1;555123;TradeFailed
2025.10.14 05:47:38;GBPUSD;SELL;ORDER_TYPE_SELL;0.01;1.33400;1.33651;1.32899;-1;555123;TradeFailed
2025.10.14 05:47:41;USDJPY;BUY;ORDER_TYPE_BUY;0.01;152.46800;152.12068;153.16264;-1;555123;TradeFailed
2025.10.14 05:47:46;AUDCAD;SELL;ORDER_TYPE_SELL;0.01;0.91418;0.91670;0.90914;-1;555123;TradeFailed
2025.10.14 05:47:50;EURUSD;SELL;ORDER_TYPE_SELL;0.01;1.15704;1.15940;1.15232;-1;555123;TradeFailed
2025.10.14 05:47:53;GBPUSD;SELL;ORDER_TYPE_SELL;0.01;1.33399;1.33650;1.32898;-1;555123;TradeFailed
2025.10.14 05:47:57;USDJPY;BUY;ORDER_TYPE_BUY;0.01;152.45700;152.10968;153.15164;-1;555123;TradeFailed
2025.10.14 05:48:01;AUDCAD;SELL;ORDER_TYPE_SELL;0.01;0.91411;0.91663;0.90907;-1;555123;TradeFailed
2025.10.14 05:48:05;EURUSD;SELL;ORDER_TYPE_SELL;0.01;1.15705;1.15941;1.15233;-1;555123;TradeFailed
2025.10.14 05:48:09;GBPUSD;SELL;ORDER_TYPE_SELL;0.01;1.33398;1.33649;1.32897;-1;555123;TradeFailed
2025.10.14 05:48:13;USDJPY;BUY;ORDER_TYPE_BUY;0.01;152.46200;152.11468;153.15664;-1;555123;TradeFailed
2025.10.14 05:48:16;AUDCAD;SELL;ORDER_TYPE_SELL;0.01;0.91414;0.91666;0.90910;-1;555123;TradeFailed
2025.10.14 05:48:22;EURUSD;SELL;ORDER_TYPE_SELL;0.01;1.15706;1.15942;1.15234;-1;555123;TradeFailed
2025.10.14 05:48:25;GBPUSD;SELL;ORDER_TYPE_SELL;0.01;1.33399;1.33650;1.32898;-1;555123;TradeFailed
2025.10.14 05:48:29;USDJPY;BUY;ORDER_TYPE_BUY;0.01;152.45700;152.10968;153.15164;-1;555123;TradeFailed
2025.10.14 05:48:32;AUDCAD;SELL;ORDER_TYPE_SELL;0.01;0.91413;0.91665;0.90909;-1;555123;TradeFailed
2025.10.14 05:48:37;EURUSD;SELL;ORDER_TYPE_SELL;0.01;1.15707;1.15943;1.15235;-1;555123;TradeFailed
2025.10.14 05:48:41;GBPUSD;SELL;ORDER_TYPE_SELL;0.01;1.33399;1.33650;1.32898;-1;555123;TradeFailed
2025.10.14 05:48:45;USDJPY;BUY;ORDER_TYPE_BUY;0.01;152.45600;152.10868;153.15064;-1;555123;TradeFailed
2025.10.14 05:48:50;AUDCAD;SELL;ORDER_TYPE_SELL;0.01;0.91410;0.91662;0.90906;-1;555123;TradeFailed
2025.10.14 05:48:55;EURUSD;SELL;ORDER_TYPE_SELL;0.01;1.15707;1.15943;1.15235;-1;555123;TradeFailed
2025.10.14 05:49:00;GBPUSD;SELL;ORDER_TYPE_SELL;0.01;1.33399;1.33650;1.32898;-1;555123;TradeFailed
2025.10.14 05:49:05;USDJPY;BUY;ORDER_TYPE_BUY;0.01;152.45600;152.10868;153.15064;-1;555123;TradeFailed
2025.10.14 05:49:09;AUDCAD;SELL;ORDER_TYPE_SELL;0.01;0.91409;0.91661;0.90905;-1;555123;TradeFailed
2025.10.14 05:49:13;EURUSD;SELL;ORDER_TYPE_SELL;0.01;1.15708;1.15944;1.15236;-1;555123;TradeFailed
2025.10.14 05:49:18;GBPUSD;SELL;ORDER_TYPE_SELL;0.01;1.33399;1.33650;1.32898;-1;555123;TradeFailed
2025.10.14 05:49:22;USDJPY;BUY;ORDER_TYPE_BUY;0.01;152.45600;152.10868;153.15064;-1;555123;TradeFailed
2025.10.14 05:49:27;AUDCAD;SELL;ORDER_TYPE_SELL;0.01;0.91412;0.91664;0.90908;-1;555123;TradeFailed
2025.10.14 05:49:33;EURUSD;SELL;ORDER_TYPE_SELL;0.01;1.15706;1.15942;1.15234;-1;555123;TradeFailed
2025.10.14 05:49:37;GBPUSD;SELL;ORDER_TYPE_SELL;0.01;1.33399;1.33650;1.32898;-1;555123;TradeFailed
2025.10.14 05:49:41;USDJPY;BUY;ORDER_TYPE_BUY;0.01;152.44500;152.09768;153.13964;-1;555123;TradeFailed
2025.10.14 05:49:47;AUDCAD;SELL;ORDER_TYPE_SELL;0.01;0.91419;0.91671;0.90915;-1;555123;TradeFailed
2025.10.14 05:49:55;EURUSD;SELL;ORDER_TYPE_SELL;0.01;1.15715;1.15951;1.15243;-1;555123;TradeFailed
2025.10.14 05:49:59;GBPUSD;SELL;ORDER_TYPE_SELL;0.01;1.33403;1.33654;1.32902;-1;555123;TradeFailed
2025.10.14 05:50:02;USDJPY;BUY;ORDER_TYPE_BUY;0.01;152.44200;152.09468;153.13664;-1;555123;TradeFailed
2025.10.14 05:50:06;AUDCAD;SELL;ORDER_TYPE_SELL;0.01;0.91410;0.91662;0.90906;-1;555123;TradeFailed
2025.10.14 05:50:23;GBPUSD;SELL;ORDER_TYPE_SELL;0.01;1.33402;1.33653;1.32901;-1;555123;TradeFailed
2025.10.14 05:50:27;USDJPY;BUY;ORDER_TYPE_BUY;0.01;152.44600;152.09868;153.14064;-1;555123;TradeFailed
2025.10.14 05:50:31;AUDCAD;SELL;ORDER_TYPE_SELL;0.01;0.91417;0.91669;0.90913;-1;555123;TradeFailed
2025.10.14 05:50:37;EURUSD;SELL;ORDER_TYPE_SELL;0.01;1.15716;1.15952;1.15244;-1;555123;TradeFailed
2025.10.14 05:50:42;GBPUSD;SELL;ORDER_TYPE_SELL;0.01;1.33403;1.33654;1.32902;-1;555123;TradeFailed
2025.10.14 05:50:49;USDJPY;BUY;ORDER_TYPE_BUY;0.01;152.44500;152.09768;153.13964;-1;555123;TradeFailed
2025.10.14 05:50:53;AUDCAD;SELL;ORDER_TYPE_SELL;0.01;0.91412;0.91664;0.90908;-1;555123;TradeFailed
2025.10.14 05:50:56;EURUSD;SELL;ORDER_TYPE_SELL;0.01;1.15715;1.15951;1.15243;-1;555123;TradeFailed
2025.10.14 05:51:00;GBPUSD;SELL;ORDER_TYPE_SELL;0.01;1.33402;1.33653;1.32901;-1;555123;TradeFailed
2025.10.14 05:51:03;USDJPY;BUY;ORDER_TYPE_BUY;0.01;152.45200;152.10468;153.14664;-1;555123;TradeFailed
2025.10.14 05:51:07;AUDCAD;SELL;ORDER_TYPE_SELL;0.01;0.91416;0.91668;0.90912;-1;555123;TradeFailed
2025.10.14 05:51:11;EURUSD;SELL;ORDER_TYPE_SELL;0.01;1.15716;1.15952;1.15244;-1;555123;TradeFailed
2025.10.14 05:51:15;GBPUSD;SELL;ORDER_TYPE_SELL;0.01;1.33408;1.33659;1.32907;-1;555123;TradeFailed
2025.10.14 05:51:19;USDJPY;BUY;ORDER_TYPE_BUY;0.01;152.45100;152.10368;153.14564;-1;555123;TradeFailed
2025.10.14 05:51:25;AUDCAD;SELL;ORDER_TYPE_SELL;0.01;0.91413;0.91665;0.90909;-1;555123;TradeFailed
2025.10.14 05:51:30;EURUSD;SELL;ORDER_TYPE_SELL;0.01;1.15720;1.15956;1.15248;-1;555123;TradeFailed
2025.10.14 05:51:34;GBPUSD;SELL;ORDER_TYPE_SELL;0.01;1.33410;1.33661;1.32909;-1;555123;TradeFailed
2025.10.14 05:51:38;USDJPY;BUY;ORDER_TYPE_BUY;0.01;152.45300;152.10568;153.14764;-1;555123;TradeFailed
2025.10.14 05:51:41;AUDCAD;SELL;ORDER_TYPE_SELL;0.01;0.91416;0.91668;0.90912;-1;555123;TradeFailed
2025.10.14 05:51:49;EURUSD;SELL;ORDER_TYPE_SELL;0.01;1.15720;1.15956;1.15248;-1;555123;TradeFailed
2025.10.14 05:51:53;GBPUSD;SELL;ORDER_TYPE_SELL;0.01;1.33410;1.33661;1.32909;-1;555123;TradeFailed
2025.10.14 05:51:56;USDJPY;BUY;ORDER_TYPE_BUY;0.01;152.43600;152.08868;153.13064;-1;555123;TradeFailed
2025.10.14 05:52:00;AUDCAD;SELL;ORDER_TYPE_SELL;0.01;0.91412;0.91664;0.90908;-1;555123;TradeFailed
2025.10.14 05:52:06;EURUSD;SELL;ORDER_TYPE_SELL;0.01;1.15721;1.15957;1.15249;-1;555123;TradeFailed
2025.10.14 05:52:11;GBPUSD;SELL;ORDER_TYPE_SELL;0.01;1.33409;1.33660;1.32908;-1;555123;TradeFailed
2025.10.14 05:52:15;USDJPY;BUY;ORDER_TYPE_BUY;0.01;152.43000;152.08268;153.12464;-1;555123;TradeFailed
2025.10.14 05:52:20;AUDCAD;SELL;ORDER_TYPE_SELL;0.01;0.91400;0.91652;0.90896;-1;555123;TradeFailed
2025.10.14 05:52:25;EURUSD;SELL;ORDER_TYPE_SELL;0.01;1.15720;1.15956;1.15248;-1;555123;TradeFailed
2025.10.14 05:52:32;GBPUSD;SELL;ORDER_TYPE_SELL;0.01;1.33409;1.33660;1.32908;-1;555123;TradeFailed
2025.10.14 05:52:37;USDJPY;BUY;ORDER_TYPE_BUY;0.01;152.41100;152.06368;153.10564;-1;555123;TradeFailed
2025.10.14 05:52:44;AUDCAD;SELL;ORDER_TYPE_SELL;0.01;0.91402;0.91654;0.90898;-1;555123;TradeFailed
2025.10.14 05:52:52;EURUSD;SELL;ORDER_TYPE_SELL;0.01;1.15727;1.15964;1.15254;-1;555123;TradeFailed
2025.10.14 05:52:58;GBPUSD;SELL;ORDER_TYPE_SELL;0.01;1.33420;1.33671;1.32919;-1;555123;TradeFailed
2025.10.14 05:53:03;USDJPY;BUY;ORDER_TYPE_BUY;0.01;152.38400;152.03239;153.08721;-1;555123;TradeFailed
2025.10.14 05:53:11;AUDCAD;SELL;ORDER_TYPE_SELL;0.01;0.91405;0.91657;0.90901;-1;555123;TradeFailed
2025.10.14 05:53:21;EURUSD;SELL;ORDER_TYPE_SELL;0.01;1.15726;1.15963;1.15252;-1;555123;TradeFailed
2025.10.14 05:53:27;GBPUSD;SELL;ORDER_TYPE_SELL;0.01;1.33419;1.33670;1.32918;-1;555123;TradeFailed
2025.10.14 05:53:35;USDJPY;BUY;ORDER_TYPE_BUY;0.01;152.40100;152.04904;153.10493;-1;555123;TradeFailed
2025.10.14 05:53:41;AUDCAD;SELL;ORDER_TYPE_SELL;0.01;0.91404;0.91656;0.90900;-1;555123;TradeFailed
2025.10.14 05:53:48;EURUSD;SELL;ORDER_TYPE_SELL;0.01;1.15731;1.15969;1.15256;-1;555123;TradeFailed
2025.10.14 05:53:54;GBPUSD;SELL;ORDER_TYPE_SELL;0.01;1.33422;1.33673;1.32921;-1;555123;TradeFailed
2025.10.14 05:54:00;USDJPY;BUY;ORDER_TYPE_BUY;0.01;152.39700;152.04504;153.10093;-1;555123;TradeFailed
2025.10.14 05:54:05;AUDCAD;SELL;ORDER_TYPE_SELL;0.01;0.91403;0.91655;0.90899;-1;555123;TradeFailed
2025.10.14 05:54:11;EURUSD;SELL;ORDER_TYPE_SELL;0.01;1.15736;1.15974;1.15259;-1;555123;TradeFailed
2025.10.14 05:54:16;GBPUSD;SELL;ORDER_TYPE_SELL;0.01;1.33428;1.33679;1.32927;-1;555123;TradeFailed
2025.10.14 05:54:22;USDJPY;BUY;ORDER_TYPE_BUY;0.01;152.39900;152.04704;153.10293;-1;555123;TradeFailed
2025.10.14 05:54:26;AUDCAD;SELL;ORDER_TYPE_SELL;0.01;0.91403;0.91655;0.90899;-1;555123;TradeFailed
2025.10.14 05:54:31;EURUSD;SELL;ORDER_TYPE_SELL;0.01;1.15737;1.15975;1.15260;-1;555123;TradeFailed
2025.10.14 05:54:36;GBPUSD;SELL;ORDER_TYPE_SELL;0.01;1.33432;1.33683;1.32931;-1;555123;TradeFailed
2025.10.14 05:54:40;USDJPY;BUY;ORDER_TYPE_BUY;0.01;152.39600;152.04404;153.09993;-1;555123;TradeFailed
2025.10.14 05:54:43;AUDCAD;SELL;ORDER_TYPE_SELL;0.01;0.91400;0.91652;0.90896;-1;555123;TradeFailed
2025.10.14 05:54:48;EURUSD;SELL;ORDER_TYPE_SELL;0.01;1.15741;1.15980;1.15262;-1;555123;TradeFailed
2025.10.14 05:54:52;GBPUSD;SELL;ORDER_TYPE_SELL;0.01;1.33434;1.33685;1.32933;-1;555123;TradeFailed
2025.10.14 05:54:56;USDJPY;BUY;ORDER_TYPE_BUY;0.01;152.39500;152.04304;153.09893;-1;555123;TradeFailed
2025.10.14 05:55:00;AUDCAD;SELL;ORDER_TYPE_SELL;0.01;0.91401;0.91653;0.90897;-1;555123;TradeFailed
2025.10.14 05:55:06;EURUSD;SELL;ORDER_TYPE_SELL;0.01;1.15741;1.15980;1.15262;-1;555123;TradeFailed
2025.10.14 05:55:11;GBPUSD;SELL;ORDER_TYPE_SELL;0.01;1.33430;1.33681;1.32929;-1;555123;TradeFailed
2025.10.14 05:55:15;USDJPY;BUY;ORDER_TYPE_BUY;0.01;152.39500;152.04304;153.09893;-1;555123;TradeFailed
2025.10.14 05:55:18;AUDCAD;SELL;ORDER_TYPE_SELL;0.01;0.91402;0.91654;0.90898;-1;555123;TradeFailed
2025.10.14 05:55:24;EURUSD;SELL;ORDER_TYPE_SELL;0.01;1.15740;1.15980;1.15261;163511906;555123;AI Trade
2025.10.14 05:55:28;GBPUSD;SELL;ORDER_TYPE_SELL;0.01;1.33431;1.33682;1.32930;-1;555123;TradeFailed
2025.10.14 05:55:33;USDJPY;BUY;ORDER_TYPE_BUY;0.01;152.39700;152.04504;153.10093;-1;555123;TradeFailed
2025.10.14 05:55:37;AUDCAD;SELL;ORDER_TYPE_SELL;0.01;0.91406;0.91658;0.90902;-1;555123;TradeFailed
2025.10.14 05:55:42;EURUSD;SELL;ORDER_TYPE_SELL;0.01;1.15746;1.15987;1.15263;-1;555123;TradeFailed
2025.10.14 05:55:47;GBPUSD;SELL;ORDER_TYPE_SELL;0.01;1.33439;1.33690;1.32937;-1;555123;TradeFailed
2025.10.14 05:55:53;USDJPY;BUY;ORDER_TYPE_BUY;0.01;152.38400;152.03132;153.08936;-1;555123;TradeFailed
2025.10.14 05:55:57;AUDCAD;SELL;ORDER_TYPE_SELL;0.01;0.91405;0.91657;0.90901;-1;555123;TradeFailed
2025.10.14 05:56:02;EURUSD;SELL;ORDER_TYPE_SELL;0.01;1.15753;1.15995;1.15270;-1;555123;TradeFailed
2025.10.14 05:56:06;GBPUSD;SELL;ORDER_TYPE_SELL;0.01;1.33442;1.33694;1.32937;-1;555123;TradeFailed
2025.10.14 05:56:10;USDJPY;BUY;ORDER_TYPE_BUY;0.01;152.37700;152.02432;153.08236;-1;555123;TradeFailed
2025.10.14 05:56:18;AUDCAD;SELL;ORDER_TYPE_SELL;0.01;0.91407;0.91659;0.90903;-1;555123;TradeFailed
2025.10.14 05:56:22;EURUSD;SELL;ORDER_TYPE_SELL;0.01;1.15743;1.15985;1.15260;-1;555123;TradeFailed
2025.10.14 05:56:28;GBPUSD;SELL;ORDER_TYPE_SELL;0.01;1.33432;1.33684;1.32927;-1;555123;TradeFailed
2025.10.14 05:56:36;USDJPY;BUY;ORDER_TYPE_BUY;0.01;152.39100;152.03743;153.09814;-1;555123;TradeFailed
2025.10.14 05:56:42;AUDCAD;SELL;ORDER_TYPE_SELL;0.01;0.91400;0.91652;0.90896;-1;555123;TradeFailed
2025.10.14 05:56:48;EURUSD;SELL;ORDER_TYPE_SELL;0.01;1.15740;1.15982;1.15257;-1;555123;TradeFailed
2025.10.14 05:56:51;GBPUSD;SELL;ORDER_TYPE_SELL;0.01;1.33439;1.33691;1.32934;-1;555123;TradeFailed
2025.10.14 05:56:56;USDJPY;BUY;ORDER_TYPE_BUY;0.01;152.37900;152.02543;153.08614;-1;555123;TradeFailed
2025.10.14 05:57:02;AUDCAD;SELL;ORDER_TYPE_SELL;0.01;0.91404;0.91656;0.90900;-1;555123;TradeFailed
2025.10.14 05:57:07;EURUSD;SELL;ORDER_TYPE_SELL;0.01;1.15741;1.15983;1.15258;-1;555123;TradeFailed
2025.10.14 05:57:12;GBPUSD;SELL;ORDER_TYPE_SELL;0.01;1.33439;1.33691;1.32934;-1;555123;TradeFailed
2025.10.14 05:57:17;USDJPY;BUY;ORDER_TYPE_BUY;0.01;152.38700;152.03343;153.09414;-1;555123;TradeFailed
2025.10.14 05:57:23;AUDCAD;SELL;ORDER_TYPE_SELL;0.01;0.91407;0.91659;0.90903;-1;555123;TradeFailed
2025.10.14 05:57:31;EURUSD;SELL;ORDER_TYPE_SELL;0.01;1.15739;1.15981;1.15256;-1;555123;TradeFailed
2025.10.14 05:57:36;GBPUSD;SELL;ORDER_TYPE_SELL;0.01;1.33433;1.33685;1.32928;-1;555123;TradeFailed
2025.10.14 05:57:42;USDJPY;BUY;ORDER_TYPE_BUY;0.01;152.39000;152.03643;153.09714;-1;555123;TradeFailed
2025.10.14 05:57:49;AUDCAD;SELL;ORDER_TYPE_SELL;0.01;0.91399;0.91651;0.90895;-1;555123;TradeFailed
2025.10.14 05:57:56;EURUSD;SELL;ORDER_TYPE_SELL;0.01;1.15735;1.15977;1.15252;-1;555123;TradeFailed
2025.10.14 05:58:01;GBPUSD;SELL;ORDER_TYPE_SELL;0.01;1.33432;1.33684;1.32927;-1;555123;TradeFailed
2025.10.14 05:58:07;USDJPY;BUY;ORDER_TYPE_BUY;0.01;152.38800;152.03443;153.09514;-1;555123;TradeFailed
2025.10.14 05:58:12;AUDCAD;SELL;ORDER_TYPE_SELL;0.01;0.91404;0.91656;0.90900;-1;555123;TradeFailed
2025.10.14 05:58:19;EURUSD;SELL;ORDER_TYPE_SELL;0.01;1.15734;1.15976;1.15251;-1;555123;TradeFailed
2025.10.14 05:58:24;GBPUSD;SELL;ORDER_TYPE_SELL;0.01;1.33433;1.33685;1.32928;-1;555123;TradeFailed
2025.10.14 05:58:29;USDJPY;BUY;ORDER_TYPE_BUY;0.01;152.39600;152.04243;153.10314;-1;555123;TradeFailed
2025.10.14 05:58:34;AUDCAD;SELL;ORDER_TYPE_SELL;0.01;0.91407;0.91659;0.90903;-1;555123;TradeFailed
2025.10.14 05:58:41;EURUSD;SELL;ORDER_TYPE_SELL;0.01;1.15732;1.15974;1.15249;-1;555123;TradeFailed
2025.10.14 05:58:47;GBPUSD;SELL;ORDER_TYPE_SELL;0.01;1.33432;1.33684;1.32927;-1;555123;TradeFailed
2025.10.14 05:58:52;USDJPY;BUY;ORDER_TYPE_BUY;0.01;152.38700;152.03343;153.09414;-1;555123;TradeFailed
2025.10.14 05:58:58;AUDCAD;SELL;ORDER_TYPE_SELL;0.01;0.91408;0.91660;0.90904;-1;555123;TradeFailed
2025.10.14 05:59:03;EURUSD;SELL;ORDER_TYPE_SELL;0.01;1.15734;1.15976;1.15251;-1;555123;TradeFailed
2025.10.14 05:59:11;GBPUSD;SELL;ORDER_TYPE_SELL;0.01;1.33427;1.33679;1.32922;-1;555123;TradeFailed
2025.10.14 05:59:20;USDJPY;BUY;ORDER_TYPE_BUY;0.01;152.39600;152.04243;153.10314;-1;555123;TradeFailed
2025.10.14 05:59:26;AUDCAD;SELL;ORDER_TYPE_SELL;0.01;0.91399;0.91651;0.90895;-1;555123;TradeFailed
2025.10.14 05:59:32;EURUSD;SELL;ORDER_TYPE_SELL;0.01;1.15733;1.15975;1.15250;-1;555123;TradeFailed
2025.10.14 05:59:38;GBPUSD;SELL;ORDER_TYPE_SELL;0.01;1.33432;1.33684;1.32927;-1;555123;TradeFailed
2025.10.14 05:59:44;USDJPY;BUY;ORDER_TYPE_BUY;0.01;152.38800;152.03443;153.09514;-1;555123;TradeFailed
2025.10.14 05:59:50;AUDCAD;SELL;ORDER_TYPE_SELL;0.01;0.91391;0.91643;0.90887;-1;555123;TradeFailed
2025.10.14 05:59:58;EURUSD;SELL;ORDER_TYPE_SELL;0.01;1.15731;1.15973;1.15248;-1;555123;TradeFailed
2025.10.14 06:00:03;GBPUSD;SELL;ORDER_TYPE_SELL;0.01;1.33429;1.33658;1.32970;-1;555123;TradeFailed
2025.10.14 06:00:12;USDJPY;BUY;ORDER_TYPE_BUY;0.01;152.39700;152.06950;153.05200;-1;555123;TradeFailed
2025.10.14 06:00:38;EURUSD;SELL;ORDER_TYPE_SELL;0.01;1.15726;1.15947;1.15285;163511980;555123;AI Trade
2025.10.14 06:00:43;GBPUSD;SELL;ORDER_TYPE_SELL;0.01;1.33421;1.33651;1.32960;163511982;555123;AI Trade
2025.10.14 06:00:50;USDJPY;BUY;ORDER_TYPE_BUY;0.01;152.39900;152.07150;153.05400;163511987;555123;AI Trade
2025.10.14 06:00:57;AUDCAD;SELL;ORDER_TYPE_SELL;0.01;0.91384;0.91609;0.90935;163511992;555123;AI Trade
2025.10.14 06:01:03;EURUSD;SELL;ORDER_TYPE_SELL;0.01;1.15725;1.15946;1.15284;163511993;555123;AI Trade
2025.10.14 06:01:10;GBPUSD;SELL;ORDER_TYPE_SELL;0.01;1.33426;1.33656;1.32965;163511996;555123;AI Trade
2025.10.14 06:01:16;USDJPY;BUY;ORDER_TYPE_BUY;0.01;152.39400;152.06632;153.04936;163511997;555123;AI Trade
2025.10.14 06:01:22;AUDCAD;SELL;ORDER_TYPE_SELL;0.01;0.91395;0.91620;0.90946;163511998;555123;AI Trade
2025.10.14 06:01:29;EURUSD;SELL;ORDER_TYPE_SELL;0.01;1.15729;1.15950;1.15288;163511999;555123;AI Trade
2025.10.14 06:08:22;EURUSD;SELL;ORDER_TYPE_SELL;0.01;1.15718;1.15941;1.15272;163512075;555123;AI Trade
2025.10.14 06:08:35;USDJPY;BUY;ORDER_TYPE_BUY;0.01;152.35200;152.01504;153.02593;163512080;555123;AI Trade
2025.10.14 06:29:27;USDJPY;BUY;ORDER_TYPE_BUY;0.01;152.32000;151.97679;153.00643;163512376;555123;AI Trade
2025.10.14 06:29:34;AUDCAD;SELL;ORDER_TYPE_SELL;0.01;0.91241;0.91495;0.90732;163512378;555123;AI Trade
2025.10.14 08:50:51;EURUSD;SELL;ORDER_TYPE_SELL;0.01;1.15858;1.16082;1.15411;163514729;555123;AI Trade
2025.10.14 08:50:51;GBPUSD;SELL;ORDER_TYPE_SELL;0.01;1.33450;1.33685;1.32981;163514730;555123;AI Trade
2025.10.14 08:50:51;USDJPY;BUY;ORDER_TYPE_BUY;0.01;151.76600;151.33707;152.62386;163514731;555123;AI Trade
2025.10.14 08:50:52;AUDCAD;SELL;ORDER_TYPE_SELL;0.01;0.90833;0.91153;0.90194;163514732;555123;AI Trade
2025.10.14 08:50:53;EURUSD;SELL;ORDER_TYPE_SELL;0.01;1.15851;1.16075;1.15404;163514734;555123;AI Trade
2025.10.14 08:50:54;GBPUSD;SELL;ORDER_TYPE_SELL;0.01;1.33443;1.33678;1.32974;163514735;555123;AI Trade
2025.10.14 08:50:54;USDJPY;BUY;ORDER_TYPE_BUY;0.01;151.77000;151.34107;152.62786;163514736;555123;AI Trade
2025.10.14 08:50:54;AUDCAD;SELL;ORDER_TYPE_SELL;0.01;0.90829;0.91149;0.90190;163514737;555123;AI Trade
2025.10.14 08:50:58;EURUSD;SELL;ORDER_TYPE_SELL;0.01;1.15843;1.16067;1.15396;163514738;555123;AI Trade
2025.10.14 08:50:58;GBPUSD;SELL;ORDER_TYPE_SELL;0.01;1.33432;1.33667;1.32963;163514739;555123;AI Trade
2025.10.14 08:51:25;GBPUSD;SELL;ORDER_TYPE_SELL;0.01;1.33429;1.33664;1.32960;163514744;555123;AI Trade
2025.10.14 08:51:29;USDJPY;BUY;ORDER_TYPE_BUY;0.01;151.76900;151.34007;152.62686;163514745;555123;AI Trade
2025.10.14 08:51:29;AUDCAD;SELL;ORDER_TYPE_SELL;0.01;0.90840;0.91160;0.90201;163514746;555123;AI Trade
2025.10.14 08:51:33;EURUSD;SELL;ORDER_TYPE_SELL;0.01;1.15852;1.16076;1.15405;163514748;555123;AI Trade
2025.10.14 08:51:38;EURUSD;SELL;ORDER_TYPE_SELL;0.01;1.15851;1.16075;1.15404;163514750;555123;AI Trade
2025.10.14 08:51:39;AUDCAD;SELL;ORDER_TYPE_SELL;0.01;0.90844;0.91164;0.90205;163514751;555123;AI Trade
2025.10.14 08:51:43;EURUSD;SELL;ORDER_TYPE_SELL;0.01;1.15853;1.16077;1.15406;163514752;555123;AI Trade
2025.10.14 08:51:48;EURUSD;SELL;ORDER_TYPE_SELL;0.01;1.15853;1.16077;1.15406;163514753;555123;AI Trade
2025.10.14 08:51:49;GBPUSD;SELL;ORDER_TYPE_SELL;0.01;1.33438;1.33673;1.32969;163514754;555123;AI Trade
2025.10.14 08:51:49;USDJPY;BUY;ORDER_TYPE_BUY;0.01;151.77100;151.34207;152.62886;163514755;555123;AI Trade
2025.10.14 08:51:53;EURUSD;SELL;ORDER_TYPE_SELL;0.01;1.15844;1.16068;1.15397;163514759;555123;AI Trade
2025.10.14 08:52:04;AUDCAD;SELL;ORDER_TYPE_SELL;0.01;0.90846;0.91166;0.90207;163514760;555123;AI Trade
2025.10.14 08:52:09;EURUSD;SELL;ORDER_TYPE_SELL;0.01;1.15844;1.16068;1.15397;163514761;555123;AI Trade
2025.10.14 08:52:13;EURUSD;SELL;ORDER_TYPE_SELL;0.01;1.15844;1.16068;1.15397;163514764;555123;AI Trade
2025.10.14 08:52:14;GBPUSD;SELL;ORDER_TYPE_SELL;0.01;1.33422;1.33658;1.32951;163514765;555123;AI Trade
2025.10.14 08:52:15;USDJPY;BUY;ORDER_TYPE_BUY;0.01;151.77700;151.34807;152.63486;163514766;555123;AI Trade
2025.10.14 08:52:15;AUDCAD;SELL;ORDER_TYPE_SELL;0.01;0.90860;0.91180;0.90221;163514767;555123;AI Trade
2025.10.14 08:52:19;EURUSD;SELL;ORDER_TYPE_SELL;0.01;1.15844;1.16068;1.15397;163514768;555123;AI Trade
2025.10.14 08:52:19;GBPUSD;SELL;ORDER_TYPE_SELL;0.01;1.33426;1.33662;1.32955;163514769;555123;AI Trade
2025.10.14 08:52:19;USDJPY;BUY;ORDER_TYPE_BUY;0.01;151.77700;151.34807;152.63486;163514770;555123;AI Trade
2025.10.14 08:52:20;AUDCAD;SELL;ORDER_TYPE_SELL;0.01;0.90865;0.91185;0.90226;163514771;555123;AI Trade
2025.10.14 08:52:23;EURUSD;SELL;ORDER_TYPE_SELL;0.01;1.15842;1.16066;1.15395;163514777;555123;AI Trade
2025.10.14 08:52:24;GBPUSD;SELL;ORDER_TYPE_SELL;0.01;1.33425;1.33661;1.32954;163514778;555123;AI Trade
2025.10.14 08:52:24;USDJPY;BUY;ORDER_TYPE_BUY;0.01;151.77900;151.35007;152.63686;163514779;555123;AI Trade
2025.10.14 08:52:25;AUDCAD;SELL;ORDER_TYPE_SELL;0.01;0.90868;0.91188;0.90229;163514780;555123;AI Trade
2025.10.14 08:52:28;EURUSD;SELL;ORDER_TYPE_SELL;0.01;1.15841;1.16065;1.15394;163514782;555123;AI Trade
2025.10.14 08:52:29;GBPUSD;SELL;ORDER_TYPE_SELL;0.01;1.33423;1.33659;1.32952;163514783;555123;AI Trade
2025.10.14 08:52:29;USDJPY;BUY;ORDER_TYPE_BUY;0.01;151.77800;151.34907;152.63586;163514784;555123;AI Trade
2025.10.14 08:52:29;AUDCAD;SELL;ORDER_TYPE_SELL;0.01;0.90868;0.91188;0.90229;163514785;555123;AI Trade
2025.10.14 08:52:33;EURUSD;SELL;ORDER_TYPE_SELL;0.01;1.15838;1.16062;1.15391;163514786;555123;AI Trade
2025.10.14 08:52:34;GBPUSD;SELL;ORDER_TYPE_SELL;0.01;1.33423;1.33659;1.32952;163514787;555123;AI Trade
2025.10.14 08:54:26;EURUSD;SELL;ORDER_TYPE_SELL;0.01;1.15860;1.16084;1.15413;163514813;555123;AI Trade
2025.10.14 08:54:30;EURUSD;SELL;ORDER_TYPE_SELL;0.01;1.15858;1.16082;1.15411;163514814;555123;AI Trade
2025.10.14 08:54:31;GBPUSD;SELL;ORDER_TYPE_SELL;0.01;1.33431;1.33669;1.32956;163514815;555123;AI Trade
2025.10.14 08:54:32;USDJPY;BUY;ORDER_TYPE_BUY;0.01;151.75600;151.32707;152.61386;163514816;555123;AI Trade
2025.10.14 08:54:32;AUDCAD;SELL;ORDER_TYPE_SELL;0.01;0.90858;0.91178;0.90219;163514817;555123;AI Trade
2025.10.14 08:54:35;EURUSD;SELL;ORDER_TYPE_SELL;0.01;1.15849;1.16073;1.15402;163514819;555123;AI Trade
2025.10.14 08:54:36;GBPUSD;SELL;ORDER_TYPE_SELL;0.01;1.33423;1.33661;1.32948;163514820;555123;AI Trade
2025.10.14 08:54:36;USDJPY;BUY;ORDER_TYPE_BUY;0.01;151.76500;151.33607;152.62286;163514822;555123;AI Trade
2025.10.14 08:54:37;AUDCAD;SELL;ORDER_TYPE_SELL;0.01;0.90853;0.91173;0.90214;163514823;555123;AI Trade
2025.10.14 08:54:40;EURUSD;SELL;ORDER_TYPE_SELL;0.01;1.15851;1.16075;1.15404;163514824;555123;AI Trade
2025.10.14 08:54:41;GBPUSD;SELL;ORDER_TYPE_SELL;0.01;1.33426;1.33664;1.32951;163514825;555123;AI Trade
2025.10.14 08:54:42;USDJPY;BUY;ORDER_TYPE_BUY;0.01;151.76600;151.33707;152.62386;163514826;555123;AI Trade
2025.10.14 08:54:42;AUDCAD;SELL;ORDER_TYPE_SELL;0.01;0.90868;0.91188;0.90229;163514827;555123;AI Trade
2025.10.14 08:54:46;EURUSD;SELL;ORDER_TYPE_SELL;0.01;1.15851;1.16075;1.15404;163514828;555123;AI Trade
2025.10.14 08:54:46;GBPUSD;SELL;ORDER_TYPE_SELL;0.01;1.33430;1.33668;1.32955;163514829;555123;AI Trade
2025.10.14 08:54:47;USDJPY;BUY;ORDER_TYPE_BUY;0.01;151.76500;151.33607;152.62286;163514830;555123;AI Trade
2025.10.14 08:54:47;AUDCAD;SELL;ORDER_TYPE_SELL;0.01;0.90875;0.91195;0.90236;163514832;555123;AI Trade
2025.10.14 08:54:50;EURUSD;SELL;ORDER_TYPE_SELL;0.01;1.15852;1.16076;1.15405;163514833;555123;AI Trade
2025.10.14 08:54:51;GBPUSD;SELL;ORDER_TYPE_SELL;0.01;1.33429;1.33667;1.32954;163514834;555123;AI Trade
2025.10.14 09:00:03;AUDCAD;SELL;ORDER_TYPE_SELL;0.01;0.90842;0.91162;0.90203;163514908;555123;AI Trade
2025.10.14 09:00:06;EURUSD;SELL;ORDER_TYPE_SELL;0.01;1.15851;1.16062;1.15430;163514917;555123;AI Trade
2025.10.14 09:00:07;GBPUSD;SELL;ORDER_TYPE_SELL;0.01;1.33355;1.33583;1.32898;163514919;555123;AI Trade
2025.10.14 09:02:19;USDJPY;BUY;ORDER_TYPE_BUY;0.01;151.71700;151.28932;152.57236;163514984;555123;AI Trade
2025.10.14 09:08:02;GBPUSD;SELL;ORDER_TYPE_SELL;0.01;1.33162;1.33430;1.32627;163515121;555123;AI Trade
2025.10.14 09:09:47;GBPUSD;SELL;ORDER_TYPE_SELL;0.01;1.33114;1.33386;1.32570;163515143;555123;AI Trade
2025.10.14 09:10:05;AUDCAD;SELL;ORDER_TYPE_SELL;0.01;0.90873;0.91185;0.90248;163515152;555123;AI Trade
2025.10.14 09:10:07;EURUSD;SELL;ORDER_TYPE_SELL;0.01;1.15827;1.16047;1.15388;163515155;555123;AI Trade
2025.10.14 09:10:33;USDJPY;BUY;ORDER_TYPE_BUY;0.01;151.87100;151.41654;152.77993;163515162;555123;AI Trade
2025.10.14 09:10:35;AUDCAD;SELL;ORDER_TYPE_SELL;0.01;0.90871;0.91183;0.90246;163515164;555123;AI Trade
2025.10.14 09:10:54;GBPUSD;SELL;ORDER_TYPE_SELL;0.01;1.33070;1.33350;1.32510;163515178;555123;AI Trade
2025.10.14 09:10:56;USDJPY;BUY;ORDER_TYPE_BUY;0.01;151.86200;151.40754;152.77093;163515180;555123;AI Trade
2025.10.14 09:11:06;GBPUSD;SELL;ORDER_TYPE_SELL;0.01;1.33064;1.33345;1.32501;163515185;555123;AI Trade
2025.10.14 09:14:33;EURUSD;SELL;ORDER_TYPE_SELL;0.01;1.15795;1.16021;1.15342;163515242;555123;AI Trade
2025.10.14 09:14:35;GBPUSD;SELL;ORDER_TYPE_SELL;0.01;1.33067;1.33353;1.32494;163515243;555123;AI Trade
2025.10.14 09:14:41;USDJPY;BUY;ORDER_TYPE_BUY;0.01;151.85200;151.39754;152.76093;163515245;555123;AI Trade
2025.10.14 09:14:48;AUDCAD;SELL;ORDER_TYPE_SELL;0.01;0.90916;0.91235;0.90278;163515247;555123;AI Trade
2025.10.14 09:14:55;EURUSD;SELL;ORDER_TYPE_SELL;0.01;1.15807;1.16033;1.15354;163515249;555123;AI Trade
2025.10.14 09:15:03;GBPUSD;SELL;ORDER_TYPE_SELL;0.01;1.33062;1.33348;1.32489;163515274;555123;AI Trade
2025.10.14 09:15:09;USDJPY;BUY;ORDER_TYPE_BUY;0.01;151.86000;151.40554;152.76893;163515277;555123;AI Trade
2025.10.14 09:15:13;AUDCAD;SELL;ORDER_TYPE_SELL;0.01;0.90925;0.91244;0.90287;163515278;555123;AI Trade
2025.10.14 09:15:15;EURUSD;SELL;ORDER_TYPE_SELL;0.01;1.15814;1.16040;1.15361;163515280;555123;AI Trade
2025.10.14 09:15:17;GBPUSD;SELL;ORDER_TYPE_SELL;0.01;1.33062;1.33348;1.32489;163515281;555123;AI Trade
2025.10.14 09:15:20;USDJPY;BUY;ORDER_TYPE_BUY;0.01;151.85300;151.39854;152.76193;163515283;555123;AI Trade
2025.10.14 09:15:22;AUDCAD;SELL;ORDER_TYPE_SELL;0.01;0.90939;0.91258;0.90301;163515284;555123;AI Trade
2025.10.14 09:15:24;EURUSD;SELL;ORDER_TYPE_SELL;0.01;1.15816;1.16042;1.15363;163515286;555123;AI Trade
2025.10.14 09:18:31;AUDCAD;SELL;ORDER_TYPE_SELL;0.01;0.90921;0.91244;0.90276;163515347;555123;AI Trade
2025.10.14 09:18:36;EURUSD;SELL;ORDER_TYPE_SELL;0.01;1.15798;1.16024;1.15345;163515349;555123;AI Trade
2025.10.14 09:20:22;EURUSD;SELL;ORDER_TYPE_SELL;0.01;1.15802;1.16028;1.15349;163515376;555123;AI Trade
2025.10.14 09:23:44;AUDCAD;SELL;ORDER_TYPE_SELL;0.01;0.90878;0.91201;0.90233;163515443;555123;AI Trade
2025.10.14 09:24:03;USDJPY;BUY;ORDER_TYPE_BUY;0.01;151.79200;151.33254;152.71093;163515452;555123;AI Trade
2025.10.14 09:24:08;AUDCAD;SELL;ORDER_TYPE_SELL;0.01;0.90880;0.91203;0.90235;163515458;555123;AI Trade
2025.10.14 09:24:54;AUDCAD;SELL;ORDER_TYPE_SELL;0.01;0.90884;0.91207;0.90239;163515485;555123;AI Trade
2025.10.14 09:25:29;EURUSD;SELL;ORDER_TYPE_SELL;0.01;1.15736;1.15972;1.15265;163515505;555123;AI Trade
2025.10.14 09:25:54;GBPUSD;SELL;ORDER_TYPE_SELL;0.01;1.32940;1.33243;1.32335;163515517;555123;AI Trade
2025.10.14 09:26:55;AUDCAD;SELL;ORDER_TYPE_SELL;0.01;0.90853;0.91176;0.90208;163515536;555123;AI Trade
2025.10.14 09:27:20;EURUSD;SELL;ORDER_TYPE_SELL;0.01;1.15701;1.15942;1.15219;163515543;555123;AI Trade
2025.10.14 09:48:37;AUDCAD;SELL;ORDER_TYPE_SELL;0.01;0.90818;0.91144;0.90167;163515866;555123;AI Trade
2025.10.14 09:48:37;EURUSD;SELL;ORDER_TYPE_SELL;0.01;1.15695;1.15949;1.15187;163515867;555123;AI Trade
2025.10.14 09:48:37;GBPUSD;SELL;ORDER_TYPE_SELL;0.01;1.32818;1.33154;1.32145;163515868;555123;AI Trade
2025.10.14 09:48:37;USDJPY;BUY;ORDER_TYPE_BUY;0.01;151.96800;151.49425;152.91550;163515869;555123;AI Trade
2025.10.14 09:48:38;AUDCAD;SELL;ORDER_TYPE_SELL;0.01;0.90818;0.91144;0.90167;163515870;555123;AI Trade
2025.10.14 09:48:42;EURUSD;SELL;ORDER_TYPE_SELL;0.01;1.15692;1.15946;1.15184;163515871;555123;AI Trade
2025.10.14 09:48:42;GBPUSD;SELL;ORDER_TYPE_SELL;0.01;1.32816;1.33152;1.32143;163515872;555123;AI Trade
2025.10.14 09:48:42;USDJPY;BUY;ORDER_TYPE_BUY;0.01;151.97100;151.49725;152.91850;163515873;555123;AI Trade
2025.10.14 10:34:39;EURUSD;SELL;ORDER_TYPE_SELL;0.01;1.15603;1.15874;1.15060;163516603;555123;AI Trade
2025.10.14 10:34:40;GBPUSD;SELL;ORDER_TYPE_SELL;0.01;1.32598;1.32967;1.31859;163516604;555123;AI Trade
2025.10.14 10:34:41;USDJPY;BUY;ORDER_TYPE_BUY;0.01;151.98600;151.47529;153.00743;163516605;555123;AI Trade
2025.10.14 10:34:42;AUDCAD;SELL;ORDER_TYPE_SELL;0.01;0.90796;0.91125;0.90137;163516606;555123;AI Trade
2025.10.14 10:34:43;EURUSD;SELL;ORDER_TYPE_SELL;0.01;1.15600;1.15871;1.15057;163516607;555123;AI Trade
2025.10.14 10:35:32;EURUSD;SELL;ORDER_TYPE_SELL;0.01;1.15612;1.15883;1.15069;163516616;555123;AI Trade
2025.10.14 10:36:53;GBPUSD;SELL;ORDER_TYPE_SELL;0.01;1.32564;1.32934;1.31823;163516644;555123;AI Trade
2025.10.14 10:36:54;USDJPY;BUY;ORDER_TYPE_BUY;0.01;152.06800;151.54532;153.11336;163516645;555123;AI Trade
2025.10.14 10:37:13;EURUSD;SELL;ORDER_TYPE_SELL;0.01;1.15558;1.15832;1.15011;163516653;555123;AI Trade
2025.10.14 10:37:38;EURUSD;SELL;ORDER_TYPE_SELL;0.01;1.15549;1.15824;1.14999;163516661;555123;AI Trade
2025.10.14 10:37:43;EURUSD;SELL;ORDER_TYPE_SELL;0.01;1.15544;1.15820;1.14992;163516664;555123;AI Trade
2025.10.14 10:37:53;EURUSD;SELL;ORDER_TYPE_SELL;0.01;1.15551;1.15827;1.14999;163516673;555123;AI Trade
2025.10.14 10:37:54;GBPUSD;SELL;ORDER_TYPE_SELL;0.01;1.32552;1.32924;1.31807;163516674;555123;AI Trade
2025.10.14 10:37:58;EURUSD;SELL;ORDER_TYPE_SELL;0.01;1.15546;1.15823;1.14993;163516690;555123;AI Trade
2025.10.14 10:39:18;CHFHKD;SELL;ORDER_TYPE_SELL;0.01;9.66747;9.69365;9.61512;163516749;555123;AI Trade
2025.10.14 10:39:23;EURCZK;SELL;ORDER_TYPE_SELL;0.01;24.34550;24.38044;24.27563;163516754;555123;AI Trade
2025.10.14 10:39:28;EURNOK;SELL;ORDER_TYPE_SELL;0.01;11.74798;11.78519;11.67355;163516757;555123;AI Trade
2025.10.14 10:39:34;EURUSD;SELL;ORDER_TYPE_SELL;0.01;1.15552;1.15829;1.14998;163516760;555123;AI Trade
2025.10.14 10:39:36;GBPCAD;SELL;ORDER_TYPE_SELL;0.01;1.86433;1.86897;1.85505;163516762;555123;AI Trade
2025.10.14 10:39:39;GBPNZD;SELL;ORDER_TYPE_SELL;0.01;2.33043;2.33926;2.31277;163516763;555123;AI Trade
2025.10.14 10:42:53;EURCHF;SELL;ORDER_TYPE_SELL;0.01;0.92877;0.93020;0.92591;163516828;555123;AI Trade
2025.10.14 10:42:54;EURCZK;SELL;ORDER_TYPE_SELL;0.01;24.35750;24.39458;24.28334;163516831;555123;AI Trade
2025.10.14 10:42:55;EURDKK;SELL;ORDER_TYPE_SELL;0.01;7.46732;7.46871;7.46454;163516836;555123;AI Trade
2025.10.14 10:42:56;EURGBP;SELL;ORDER_TYPE_SELL;0.01;0.87100;0.87274;0.86751;163516838;555123;AI Trade
2025.10.14 10:45:10;AUDCAD;SELL;ORDER_TYPE_SELL;0.01;0.90707;0.91055;0.90010;163516936;555123;AI Trade
2025.10.14 10:45:12;AUDCHF;SELL;ORDER_TYPE_SELL;0.01;0.51888;0.52159;0.51347;163516938;555123;AI Trade
2025.10.14 10:45:14;AUDHKD;SELL;ORDER_TYPE_SELL;0.01;5.01559;5.03825;4.97028;163516942;555123;AI Trade
2025.10.14 10:45:16;AUDJPY;BUY;ORDER_TYPE_BUY;0.01;98.02500;97.46161;99.15179;163516944;555123;AI Trade
2025.10.14 10:45:18;AUDNZD;SELL;ORDER_TYPE_SELL;0.01;1.13411;1.13731;1.12771;163516948;555123;AI Trade
2025.10.14 10:45:21;AUDSGD;SELL;ORDER_TYPE_SELL;0.01;0.83962;0.84324;0.83238;163516952;555123;AI Trade
2025.10.14 10:45:24;AUDUSD;SELL;ORDER_TYPE_SELL;0.01;0.64508;0.64798;0.63928;163516954;555123;AI Trade
2025.10.14 10:45:26;CADCHF;SELL;ORDER_TYPE_SELL;0.01;0.57189;0.57347;0.56873;163516959;555123;AI Trade
2025.10.14 10:45:28;CADHKD;SELL;ORDER_TYPE_SELL;0.01;5.52887;5.53650;5.51361;163516960;555123;AI Trade
2025.10.14 10:45:30;CADJPY;BUY;ORDER_TYPE_BUY;0.01;108.04200;107.67396;108.77807;163516962;555123;AI Trade
2025.10.14 10:45:32;CADSGD;SELL;ORDER_TYPE_SELL;0.01;0.92548;0.92696;0.92252;163516965;555123;AI Trade
2025.10.14 10:45:34;CHFHKD;SELL;ORDER_TYPE_SELL;0.01;9.66664;9.69303;9.61386;163516967;555123;AI Trade
2025.10.14 10:45:36;CHFJPY;BUY;ORDER_TYPE_BUY;0.01;188.87700;188.37825;189.87450;163516970;555123;AI Trade
2025.10.14 10:45:38;CHFZAR;SELL;ORDER_TYPE_SELL;0.01;21.73863;21.85850;21.49890;163516971;555123;AI Trade
2025.10.14 10:45:40;EURAUD;SELL;ORDER_TYPE_SELL;0.01;1.78923;1.79732;1.77305;163516973;555123;AI Trade
2025.10.14 10:45:43;EURCAD;SELL;ORDER_TYPE_SELL;0.01;1.62350;1.62724;1.61601;163516976;555123;AI Trade
2025.10.14 10:45:45;EURCHF;SELL;ORDER_TYPE_SELL;0.01;0.92858;0.93002;0.92570;163516979;555123;AI Trade
2025.10.14 10:45:47;EURCZK;SELL;ORDER_TYPE_SELL;0.01;24.35550;24.39267;24.28116;163516982;555123;AI Trade
2025.10.14 10:45:50;EURDKK;SELL;ORDER_TYPE_SELL;0.01;7.46745;7.46884;7.46467;163516983;555123;AI Trade
2025.10.14 10:45:52;EURGBP;SELL;ORDER_TYPE_SELL;0.01;0.87095;0.87273;0.86739;163516985;555123;AI Trade
2025.10.14 10:45:55;EURHKD;SELL;ORDER_TYPE_SELL;0.01;8.97860;9.00179;8.93222;163516986;555123;AI Trade
2025.10.14 10:45:57;EURHUF;BUY;ORDER_TYPE_BUY;0.01;392.66500;392.04589;393.90321;163516988;555123;AI Trade
2025.10.14 10:45:59;EURJPY;BUY;ORDER_TYPE_BUY;0.01;175.41700;174.89986;176.45129;163516990;555123;AI Trade
2025.10.14 10:46:02;EURNOK;SELL;ORDER_TYPE_SELL;0.01;11.74204;11.77942;11.66728;163516991;555123;AI Trade
2025.10.14 10:46:04;EURNZD;SELL;ORDER_TYPE_SELL;0.01;2.02869;2.03613;2.01382;163516994;555123;AI Trade
2025.10.14 10:46:07;EURPLN;SELL;ORDER_TYPE_SELL;0.01;4.26610;4.27114;4.25602;163516995;555123;AI Trade
2025.10.14 10:46:08;EURSEK;SELL;ORDER_TYPE_SELL;0.01;11.02835;11.05313;10.97879;163516996;555123;AI Trade
2025.10.14 10:46:09;EURSGD;SELL;ORDER_TYPE_SELL;0.01;1.50281;1.50569;1.49705;163516998;555123;AI Trade
2025.10.14 10:46:11;EURTRY;SELL;ORDER_TYPE_SELL;0.01;48.33687;48.57517;47.86028;-1;555123;TradeFailed
2025.10.14 10:46:12;EURUSD;SELL;ORDER_TYPE_SELL;0.01;1.15459;1.15758;1.14862;163517002;555123;AI Trade
2025.10.14 10:46:14;EURZAR;SELL;ORDER_TYPE_SELL;0.01;20.19184;20.29088;19.99377;163517003;555123;AI Trade
2025.10.14 10:46:15;GBPAUD;SELL;ORDER_TYPE_SELL;0.01;2.05398;2.06355;2.03484;163517005;555123;AI Trade
2025.10.14 10:46:17;GBPCAD;SELL;ORDER_TYPE_SELL;0.01;1.86405;1.86869;1.85477;163517007;555123;AI Trade
2025.10.14 10:46:19;GBPCHF;SELL;ORDER_TYPE_SELL;0.01;1.06614;1.06900;1.06043;163517009;555123;AI Trade
2025.10.14 10:46:21;GBPHKD;SELL;ORDER_TYPE_SELL;0.01;10.30908;10.33792;10.25139;163517014;555123;AI Trade
2025.10.14 10:46:23;GBPJPY;BUY;ORDER_TYPE_BUY;0.01;201.43500;200.67143;202.96214;163517015;555123;AI Trade
2025.10.14 10:46:25;GBPNZD;SELL;ORDER_TYPE_SELL;0.01;2.32919;2.33802;2.31153;163517016;555123;AI Trade
2025.10.14 10:46:27;GBPPLN;SELL;ORDER_TYPE_SELL;0.01;4.89746;4.91042;4.87155;163517017;555123;AI Trade
2025.10.14 10:46:29;GBPSGD;SELL;ORDER_TYPE_SELL;0.01;1.72487;1.72898;1.71666;163517018;555123;AI Trade
2025.10.14 10:46:30;GBPUSD;SELL;ORDER_TYPE_SELL;0.01;1.32553;1.32928;1.31803;163517019;555123;AI Trade
2025.10.14 10:46:32;GBPZAR;SELL;ORDER_TYPE_SELL;0.01;23.17880;23.29335;22.94970;163517020;555123;AI Trade
2025.10.14 10:46:33;HKDJPY;SELL;ORDER_TYPE_SELL;0.01;19.53725;19.60542;19.40092;163517022;555123;AI Trade
2025.10.14 10:46:35;NZDCAD;SELL;ORDER_TYPE_SELL;0.01;0.79988;0.80229;0.79505;163517023;555123;AI Trade
2025.10.14 10:46:37;NZDCHF;SELL;ORDER_TYPE_SELL;0.01;0.45753;0.45947;0.45364;163517024;555123;AI Trade
2025.10.14 10:46:39;NZDHKD;SELL;ORDER_TYPE_SELL;0.01;4.42399;4.44052;4.39093;163517029;555123;AI Trade
2025.10.14 10:46:41;NZDJPY;BUY;ORDER_TYPE_BUY;0.01;86.48200;86.05736;87.33129;163517031;555123;AI Trade
2025.10.14 10:46:42;NZDSGD;SELL;ORDER_TYPE_SELL;0.01;0.74052;0.74295;0.73566;163517033;555123;AI Trade
2025.10.14 10:46:44;NZDUSD;SELL;ORDER_TYPE_SELL;0.01;0.56889;0.57100;0.56466;163517034;555123;AI Trade
2025.10.14 10:46:45;SGDCHF;SELL;ORDER_TYPE_SELL;0.01;0.61799;0.61943;0.61511;163517035;555123;AI Trade
2025.10.14 10:46:47;SGDJPY;BUY;ORDER_TYPE_BUY;0.01;116.75800;116.39639;117.48121;163517036;555123;AI Trade
2025.10.14 10:46:48;TRYJPY;SELL;ORDER_TYPE_SELL;0.01;3.62400;3.64471;3.58257;-1;555123;TradeFailed
2025.10.14 10:46:50;USDCAD;SELL;ORDER_TYPE_SELL;0.01;1.40612;1.40803;1.40230;163517037;555123;AI Trade
2025.10.14 10:46:53;USDCHF;SELL;ORDER_TYPE_SELL;0.01;0.80442;0.80656;0.80014;163517040;555123;AI Trade
2025.10.14 10:46:56;USDCNH;SELL;ORDER_TYPE_SELL;0.01;7.14799;7.15534;7.13329;163517041;555123;AI Trade
2025.10.14 10:46:58;USDCZK;SELL;ORDER_TYPE_SELL;0.01;21.09600;21.17090;20.94620;163517042;555123;AI Trade
2025.10.14 10:46:59;USDDKK;SELL;ORDER_TYPE_SELL;0.01;6.46763;6.48469;6.43350;163517043;555123;AI Trade
2025.10.14 10:47:01;USDHKD;SELL;ORDER_TYPE_SELL;0.01;7.77623;7.77861;7.77146;163517044;555123;AI Trade
2025.10.14 10:47:02;USDHUF;BUY;ORDER_TYPE_BUY;0.01;340.09900;338.96757;342.36186;163517045;555123;AI Trade
2025.10.14 10:47:04;USDJPY;BUY;ORDER_TYPE_BUY;0.01;151.94100;151.41546;152.99207;163517046;555123;AI Trade
2025.10.14 10:47:05;USDMXN;SELL;ORDER_TYPE_SELL;0.01;18.58100;18.64644;18.45012;163517048;555123;AI Trade
2025.10.14 10:47:07;USDNOK;SELL;ORDER_TYPE_SELL;0.01;10.16839;10.21140;10.08236;163517049;555123;AI Trade
2025.10.14 10:47:11;USDPLN;SELL;ORDER_TYPE_SELL;0.01;3.69451;3.70635;3.67082;163517051;555123;AI Trade
2025.10.14 10:47:12;USDSEK;SELL;ORDER_TYPE_SELL;0.01;9.54950;9.58342;9.48166;163517054;555123;AI Trade
2025.10.14 10:47:16;USDSGD;SELL;ORDER_TYPE_SELL;0.01;1.30133;1.30360;1.29679;163517056;555123;AI Trade
2025.10.14 10:47:23;USDTHB;SELL;ORDER_TYPE_SELL;0.01;32.75800;32.92496;32.42407;163517062;555123;AI Trade
2025.10.14 10:47:25;USDTRY;SELL;ORDER_TYPE_SELL;0.01;41.82905;41.86687;41.75341;-1;555123;TradeFailed
2025.10.14 10:47:27;USDZAR;SELL;ORDER_TYPE_SELL;0.01;17.48214;17.56836;17.30969;163517066;555123;AI Trade
2025.10.14 10:47:28;ZARJPY;SELL;ORDER_TYPE_SELL;0.01;8.67700;8.72700;8.57700;163517068;555123;AI Trade
2025.10.14 10:47:30;AUDCAD;SELL;ORDER_TYPE_SELL;0.01;0.90737;0.91085;0.90040;163517069;555123;AI Trade
2025.10.14 10:47:31;AUDCHF;SELL;ORDER_TYPE_SELL;0.01;0.51905;0.52176;0.51364;163517071;555123;AI Trade
2025.10.14 10:47:36;AUDHKD;SELL;ORDER_TYPE_SELL;0.01;5.01840;5.04106;4.97309;163517074;555123;AI Trade
2025.10.14 10:47:40;AUDJPY;BUY;ORDER_TYPE_BUY;0.01;98.05600;97.49261;99.18279;163517075;555123;AI Trade
2025.10.14 10:47:42;AUDNZD;SELL;ORDER_TYPE_SELL;0.01;1.13425;1.13751;1.12774;163517076;555123;AI Trade
2025.10.14 10:47:44;AUDSGD;SELL;ORDER_TYPE_SELL;0.01;0.83975;0.84337;0.83251;163517077;555123;AI Trade
2025.10.14 10:47:45;AUDUSD;SELL;ORDER_TYPE_SELL;0.01;0.64534;0.64824;0.63954;163517078;555123;AI Trade
2025.10.14 10:47:47;CADCHF;SELL;ORDER_TYPE_SELL;0.01;0.57196;0.57354;0.56880;163517079;555123;AI Trade
2025.10.14 10:47:48;CADHKD;SELL;ORDER_TYPE_SELL;0.01;5.53027;5.53790;5.51501;163517080;555123;AI Trade
2025.10.14 10:47:50;CADJPY;BUY;ORDER_TYPE_BUY;0.01;108.08400;107.71596;108.82007;163517081;555123;AI Trade
2025.10.14 10:47:52;CADSGD;SELL;ORDER_TYPE_SELL;0.01;0.92564;0.92715;0.92263;163517082;555123;AI Trade
2025.10.14 10:47:54;CHFHKD;SELL;ORDER_TYPE_SELL;0.01;9.66690;9.69329;9.61412;163517085;555123;AI Trade
2025.10.14 10:47:55;CHFJPY;BUY;ORDER_TYPE_BUY;0.01;188.91800;188.41925;189.91550;163517087;555123;AI Trade
2025.10.14 10:47:57;CHFZAR;SELL;ORDER_TYPE_SELL;0.01;21.73577;21.85564;21.49604;163517089;555123;AI Trade
2025.10.14 10:47:59;EURAUD;SELL;ORDER_TYPE_SELL;0.01;1.78902;1.79711;1.77284;163517093;555123;AI Trade
2025.10.14 10:48:00;EURCAD;SELL;ORDER_TYPE_SELL;0.01;1.62342;1.62720;1.61587;163517094;555123;AI Trade
2025.10.14 10:48:02;EURCHF;SELL;ORDER_TYPE_SELL;0.01;0.92870;0.93014;0.92582;163517096;555123;AI Trade
2025.10.14 10:48:03;EURCZK;SELL;ORDER_TYPE_SELL;0.01;24.35670;24.39387;24.28236;163517102;555123;AI Trade
2025.10.14 10:48:04;EURDKK;SELL;ORDER_TYPE_SELL;0.01;7.46744;7.46885;7.46463;163517103;555123;AI Trade
2025.10.14 10:48:05;EURGBP;SELL;ORDER_TYPE_SELL;0.01;0.87102;0.87280;0.86746;163517104;555123;AI Trade
2025.10.14 10:48:07;EURHKD;SELL;ORDER_TYPE_SELL;0.01;8.97955;9.00274;8.93317;163517105;555123;AI Trade
2025.10.14 10:48:09;EURHUF;BUY;ORDER_TYPE_BUY;0.01;392.76000;392.13482;394.01036;163517106;555123;AI Trade
2025.10.14 10:48:12;EURJPY;BUY;ORDER_TYPE_BUY;0.01;175.45700;174.93986;176.49129;163517107;555123;AI Trade
2025.10.14 10:48:14;EURNOK;SELL;ORDER_TYPE_SELL;0.01;11.73780;11.77518;11.66304;163517109;555123;AI Trade
2025.10.14 10:48:16;EURNZD;SELL;ORDER_TYPE_SELL;0.01;2.02952;2.03700;2.01457;163517110;555123;AI Trade
2025.10.14 10:48:17;EURPLN;SELL;ORDER_TYPE_SELL;0.01;4.26610;4.27114;4.25602;163517111;555123;AI Trade
2025.10.14 10:48:56;HKDJPY;SELL;ORDER_TYPE_SELL;0.01;19.53575;19.60392;19.39942;163517116;555123;AI Trade
2025.10.14 10:49:08;CHFZAR;SELL;ORDER_TYPE_SELL;0.01;21.73896;21.85883;21.49923;163517118;555123;AI Trade
2025.10.14 10:49:09;EURCAD;SELL;ORDER_TYPE_SELL;0.01;1.62379;1.62757;1.61624;163517119;555123;AI Trade
2025.10.14 10:49:09;EURCHF;SELL;ORDER_TYPE_SELL;0.01;0.92866;0.93010;0.92578;163517120;555123;AI Trade
2025.10.14 10:49:09;EURCZK;SELL;ORDER_TYPE_SELL;0.01;24.35640;24.39357;24.28206;163517121;555123;AI Trade
2025.10.14 10:49:10;EURDKK;SELL;ORDER_TYPE_SELL;0.01;7.46752;7.46893;7.46470;163517123;555123;AI Trade
2025.10.14 10:49:11;EURGBP;SELL;ORDER_TYPE_SELL;0.01;0.87099;0.87277;0.86743;163517124;555123;AI Trade
2025.10.14 10:49:12;EURHKD;SELL;ORDER_TYPE_SELL;0.01;8.97962;9.00281;8.93324;163517125;555123;AI Trade
2025.10.14 10:49:12;EURHUF;BUY;ORDER_TYPE_BUY;0.01;392.76600;392.14082;394.01636;163517127;555123;AI Trade
2025.10.14 10:49:12;EURJPY;BUY;ORDER_TYPE_BUY;0.01;175.44900;174.93186;176.48329;163517128;555123;AI Trade
2025.10.14 10:49:13;EURNOK;SELL;ORDER_TYPE_SELL;0.01;11.73900;11.77638;11.66424;163517129;555123;AI Trade
2025.10.14 10:49:13;EURNZD;SELL;ORDER_TYPE_SELL;0.01;2.02955;2.03703;2.01460;163517131;555123;AI Trade
2025.10.14 10:49:14;EURSEK;SELL;ORDER_TYPE_SELL;0.01;11.02439;11.04917;10.97483;163517132;555123;AI Trade
2025.10.14 10:50:22;AUDSGD;SELL;ORDER_TYPE_SELL;0.01;0.83986;0.84348;0.83262;163517156;555123;AI Trade
2025.10.14 10:50:23;CADHKD;SELL;ORDER_TYPE_SELL;0.01;5.52989;5.53752;5.51463;163517158;555123;AI Trade
2025.10.14 10:51:07;AUDNZD;SELL;ORDER_TYPE_SELL;0.01;1.13405;1.13731;1.12754;163517165;555123;AI Trade
2025.10.14 10:51:07;AUDSGD;SELL;ORDER_TYPE_SELL;0.01;0.83985;0.84347;0.83261;163517166;555123;AI Trade
2025.10.14 10:51:08;AUDUSD;SELL;ORDER_TYPE_SELL;0.01;0.64541;0.64831;0.63961;163517167;555123;AI Trade
2025.10.14 10:51:20;EURPLN;SELL;ORDER_TYPE_SELL;0.01;4.26610;4.27114;4.25602;163517171;555123;AI Trade
2025.10.14 10:51:21;EURSEK;SELL;ORDER_TYPE_SELL;0.01;11.02254;11.04732;10.97298;163517172;555123;AI Trade
2025.10.14 10:51:23;EURZAR;SELL;ORDER_TYPE_SELL;0.01;20.17648;20.27552;19.97841;163517173;555123;AI Trade
2025.10.14 10:51:24;GBPAUD;SELL;ORDER_TYPE_SELL;0.01;2.05365;2.06322;2.03451;163517174;555123;AI Trade
2025.10.14 10:51:31;HKDJPY;SELL;ORDER_TYPE_SELL;0.01;19.54225;19.61042;19.40592;163517179;555123;AI Trade
2025.10.14 10:51:31;NZDCAD;SELL;ORDER_TYPE_SELL;0.01;0.80014;0.80255;0.79531;163517180;555123;AI Trade
2025.10.14 10:51:32;NZDCHF;SELL;ORDER_TYPE_SELL;0.01;0.45749;0.45943;0.45360;163517181;555123;AI Trade
2025.10.14 10:51:33;NZDHKD;SELL;ORDER_TYPE_SELL;0.01;4.42529;4.44182;4.39223;163517182;555123;AI Trade
2025.10.14 10:51:33;NZDJPY;BUY;ORDER_TYPE_BUY;0.01;86.51200;86.08736;87.36129;163517183;555123;AI Trade
2025.10.14 10:51:34;NZDSGD;SELL;ORDER_TYPE_SELL;0.01;0.74058;0.74301;0.73572;163517184;555123;AI Trade
2025.10.14 10:51:35;NZDUSD;SELL;ORDER_TYPE_SELL;0.01;0.56909;0.57120;0.56486;163517187;555123;AI Trade
2025.10.14 10:51:35;SGDCHF;SELL;ORDER_TYPE_SELL;0.01;0.61777;0.61921;0.61489;163517188;555123;AI Trade
2025.10.14 10:51:36;SGDJPY;BUY;ORDER_TYPE_BUY;0.01;116.78600;116.42439;117.50921;163517189;555123;AI Trade
2025.10.14 10:51:37;TRYJPY;SELL;ORDER_TYPE_SELL;0.01;3.62400;3.64471;3.58257;-1;555123;TradeFailed
2025.10.14 10:51:37;USDCAD;SELL;ORDER_TYPE_SELL;0.01;1.40607;1.40798;1.40225;163517191;555123;AI Trade
2025.10.14 10:51:38;USDCHF;SELL;ORDER_TYPE_SELL;0.01;0.80393;0.80607;0.79965;163517192;555123;AI Trade
2025.10.14 10:52:12;EURSGD;SELL;ORDER_TYPE_SELL;0.01;1.50319;1.50607;1.49743;163517195;555123;AI Trade
2025.10.14 10:52:32;USDHUF;BUY;ORDER_TYPE_BUY;0.01;339.93900;338.80757;342.20186;163517199;555123;AI Trade
2025.10.14 10:53:05;GBPJPY;BUY;ORDER_TYPE_BUY;0.01;201.51100;200.74743;203.03814;163517208;555123;AI Trade
2025.10.14 10:56:02;AUDNZD;SELL;ORDER_TYPE_SELL;0.01;1.13433;1.13759;1.12782;163517228;555123;AI Trade
2025.10.14 10:56:31;EURSEK;SELL;ORDER_TYPE_SELL;0.01;11.02554;11.05032;10.97598;163517232;555123;AI Trade
2025.10.14 10:58:26;GBPNZD;SELL;ORDER_TYPE_SELL;0.01;2.32923;2.33806;2.31157;163517253;555123;AI Trade
2025.10.14 10:58:38;CADJPY;BUY;ORDER_TYPE_BUY;0.01;108.06100;107.69296;108.79707;163517258;555123;AI Trade
2025.10.14 11:06:16;AUDSGD;SELL;ORDER_TYPE_SELL;0.01;0.84008;0.84361;0.83301;163517407;555123;AI Trade
2025.10.14 11:06:16;AUDUSD;SELL;ORDER_TYPE_SELL;0.01;0.64582;0.64865;0.64017;163517408;555123;AI Trade
2025.10.14 11:06:16;CADCHF;SELL;ORDER_TYPE_SELL;0.01;0.57157;0.57315;0.56841;163517409;555123;AI Trade
2025.10.14 11:06:16;CADHKD;SELL;ORDER_TYPE_SELL;0.01;5.53076;5.53810;5.51609;163517410;555123;AI Trade
2025.10.14 11:06:16;CADJPY;BUY;ORDER_TYPE_BUY;0.01;108.13400;107.75507;108.89186;163517411;555123;AI Trade
2025.10.14 11:06:17;CADSGD;SELL;ORDER_TYPE_SELL;0.01;0.92534;0.92682;0.92237;163517412;555123;AI Trade
2025.10.14 11:06:17;CHFHKD;SELL;ORDER_TYPE_SELL;0.01;9.67466;9.70182;9.62034;163517413;555123;AI Trade
2025.10.14 11:06:17;CHFJPY;BUY;ORDER_TYPE_BUY;0.01;189.14600;188.62350;190.19100;163517414;555123;AI Trade
2025.10.14 11:06:18;CHFZAR;SELL;ORDER_TYPE_SELL;0.01;21.71165;21.83025;21.47445;163517415;555123;AI Trade
2025.10.14 11:06:18;EURAUD;SELL;ORDER_TYPE_SELL;0.01;1.78894;1.79704;1.77274;163517416;555123;AI Trade
2025.10.14 11:06:19;EURCAD;SELL;ORDER_TYPE_SELL;0.01;1.62437;1.62821;1.61668;163517417;555123;AI Trade
2025.10.14 11:06:19;EURCHF;SELL;ORDER_TYPE_SELL;0.01;0.92861;0.93000;0.92584;163517418;555123;AI Trade
2025.10.14 11:06:19;EURCZK;SELL;ORDER_TYPE_SELL;0.01;24.34950;24.38812;24.27227;163517419;555123;AI Trade
2025.10.14 11:06:20;EURDKK;SELL;ORDER_TYPE_SELL;0.01;7.46733;7.46876;7.46448;163517420;555123;AI Trade
2025.10.14 11:06:20;EURGBP;SELL;ORDER_TYPE_SELL;0.01;0.87095;0.87270;0.86745;163517421;555123;AI Trade
2025.10.14 11:06:20;EURHKD;SELL;ORDER_TYPE_SELL;0.01;8.98501;9.00815;8.93874;163517422;555123;AI Trade
2025.10.14 11:06:20;EURHUF;BUY;ORDER_TYPE_BUY;0.01;392.92900;392.26043;394.26614;163517423;555123;AI Trade
2025.10.14 11:06:20;EURJPY;BUY;ORDER_TYPE_BUY;0.01;175.66100;175.11921;176.74457;163517424;555123;AI Trade
2025.10.14 11:06:21;EURNOK;SELL;ORDER_TYPE_SELL;0.01;11.73681;11.77405;11.66234;163517425;555123;AI Trade
2025.10.14 11:06:50;USDCHF;SELL;ORDER_TYPE_SELL;0.01;0.80351;0.80573;0.79907;163517433;555123;AI Trade
2025.10.14 11:06:59;CADCHF;SELL;ORDER_TYPE_SELL;0.01;0.57155;0.57313;0.56839;163517437;555123;AI Trade
2025.10.14 11:08:13;GBPUSD;SELL;ORDER_TYPE_SELL;0.01;1.32648;1.33035;1.31874;163518888;555123;AI Trade
2025.10.14 11:08:19;AUDNZD;SELL;ORDER_TYPE_SELL;0.01;1.13436;1.13761;1.12786;163518893;555123;AI Trade
2025.10.14 11:08:30;SGDJPY;BUY;ORDER_TYPE_BUY;0.01;116.87600;116.50011;117.62779;163518896;555123;AI Trade
2025.10.14 11:08:48;GBPHKD;SELL;ORDER_TYPE_SELL;0.01;10.31363;10.34349;10.25392;163518899;555123;AI Trade
2025.10.14 11:09:04;USDSEK;SELL;ORDER_TYPE_SELL;0.01;9.52906;9.56387;9.45943;163518907;555123;AI Trade
